date,place,race_num,predict,koukiai,evaluation,bracket,car_num,name,prefecture,age,period,rank,leg,gear,racing piont,S,B,Nige,Maki,Sashi,Ma,1st,2nd,3rd,Chakugai,win,2ren,3ren,
20180928,aomori,1,9,,18,1,1,ç≤ÅXñÿ çFéi,2,39,84,4,2,3.92,97.81,7,17,6,9,2,0,10,7,1,19,27.0,45.9,48.6
20180928,aomori,1,,,20,2,2,ï∫ì° àÍñÁ,10,40,82,4,3,3.85,100.33,1,0,0,0,2,3,1,4,3,13,4.7,23.8,38.0
20180928,aomori,1,5,,22,3,3,ü‚ îÚóYîn,38,39,86,4,3,3.92,97.22,0,0,0,0,0,2,0,2,3,19,0.0,8.3,20.8
20180928,aomori,1,4,,19,4,4,åÀìc çNïΩ,37,26,101,4,2,3.93,94.95,1,10,3,1,0,1,3,2,1,17,13.0,21.7,26.0
20180928,aomori,1,8,,21,4,5,ã‡ê¨ òaçK,7,39,88,4,3,3.92,100.42,1,0,0,0,5,3,3,5,5,15,10.7,28.5,46.4
20180928,aomori,1,,,26,5,6,è¨ìcëq óEìÒ,9,34,91,4,1,3.92,90.46,1,0,0,0,1,0,0,1,1,28,0.0,3.3,6.6
20180928,aomori,1,6,,20,5,7,ãﬂì° èrñæ,14,40,87,4,3,3.92,100.75,2,0,0,1,3,1,2,3,4,23,6.2,15.6,28.1
20180928,aomori,1,,,26,6,8,çÂå¥ óm,33,40,85,4,3,3.92,93.25,0,0,0,0,3,1,1,3,3,18,4.0,16.0,28.0
20180928,aomori,1,7,,20,6,9,éRìc ã`ïF,11,32,92,5,1,3.92,101.37,0,1,0,0,3,3,2,4,0,26,6.2,18.7,18.7
20180928,aomori,2,7,,23,1,1,‚Vì° ê≥çë,9,35,87,4,1,3.93,95.88,0,0,0,0,5,2,4,3,2,17,15.3,26.9,34.6
20180928,aomori,2,8,,20,2,2,ìyâÆ óTìÒ,22,42,81,4,3,3.92,102.17,0,0,0,0,3,0,3,0,4,12,15.7,15.7,36.8
20180928,aomori,2,6,,18,3,3,ñÏå˚ ê≥ë•,29,28,105,4,2,3.85,97.93,0,11,1,3,1,0,2,3,1,23,6.8,17.2,20.6
20180928,aomori,2,,,24,4,4,èºâi çWìT,22,43,76,4,3,3.92,94.46,0,0,0,0,1,1,0,2,3,21,0.0,7.6,19.2
20180928,aomori,2,4,,24,4,5,ç≤ì° äw,9,31,93,4,3,3.92,96.80,0,0,0,1,4,2,3,4,6,13,11.5,26.9,50.0
20180928,aomori,2,,,25,5,6,çÇã¥ çKéi,6,30,99,4,2,3.86,89.80,0,7,3,0,1,0,2,2,1,26,6.4,12.9,16.1
20180928,aomori,2,5,,21,5,7,î™ì˙ésâÆ ç_îV,17,43,79,4,3,3.92,99.28,1,0,0,0,4,3,2,5,3,18,7.1,25.0,35.7
20180928,aomori,2,,,25,6,8,ç‚ñ{ çWãP,41,39,81,4,3,3.93,93.15,1,0,0,0,0,0,0,0,2,25,0.0,0.0,7.4
20180928,aomori,2,9,,18,6,9,ë∫è„ íºãv,14,37,95,4,2,3.92,100.80,0,2,1,5,0,1,4,3,0,14,19.0,33.3,33.3
20180928,aomori,3,7,,22,1,1,éRâ∫ àÍãP,35,29,96,4,2,3.92,94.34,0,3,0,1,2,0,3,0,1,22,11.5,11.5,15.3
20180928,aomori,3,4,,23,2,2,åıâ™ ã`óm,23,44,73,4,3,3.93,95.88,0,0,0,0,2,1,0,3,1,22,0.0,11.5,15.3
20180928,aomori,3,9,,18,3,3,ç≤ì° ï¸ñÁ,5,38,89,4,1,3.92,100.04,1,5,3,3,1,0,6,1,4,14,24.0,28.0,44.0
20180928,aomori,3,6,,21,4,4,ç≤ÅXñÿ ãgìø,5,31,100,4,2,3.92,93.62,0,12,2,2,1,0,2,3,3,19,7.4,18.5,29.6
20180928,aomori,3,,,22,4,5,à‰éË åí,42,44,79,4,3,3.93,97.52,1,0,0,1,0,2,1,2,3,17,4.3,13.0,26.0
20180928,aomori,3,,,25,5,6,ìnÁ≥ ë◊ïv,27,49,62,4,3,3.92,91.12,1,0,0,0,1,2,0,3,3,19,0.0,12.0,24.0
20180928,aomori,3,8,,23,5,7,èØéq êMçO,4,39,84,4,1,3.92,96.12,2,1,0,3,3,0,4,2,1,18,16.0,24.0,28.0
20180928,aomori,3,,,26,6,8,ê[à‰ çÇéu,13,50,63,4,3,3.92,91.77,1,0,0,0,1,2,1,2,4,24,3.2,9.6,22.5
20180928,aomori,3,5,,19,6,9,èºéR åjï„,23,34,88,4,1,3.93,99.19,3,4,1,2,3,2,4,4,4,19,12.9,25.8,38.7
20180928,aomori,4,8,,16,1,1,ç‚ñ{ é¸çÏ,2,26,105,4,2,3.92,101.58,0,16,4,2,2,0,4,4,6,15,13.7,27.5,48.2
20180928,aomori,4,4,,24,2,2,éôã  êTàÍòY,37,44,76,4,3,3.92,98.04,1,0,0,0,3,0,3,0,5,14,13.6,13.6,36.3
20180928,aomori,4,,,24,3,3,írìc íqãB,30,48,68,4,3,3.92,94.72,0,0,0,0,1,1,0,2,2,19,0.0,8.6,17.3
20180928,aomori,4,,,22,4,4,î—îˆ éÂê≈,22,39,81,4,3,3.92,93.89,1,0,0,0,3,0,1,2,0,16,5.2,15.7,15.7
20180928,aomori,4,5,,20,4,5,éOìo ó_ìN,34,31,100,4,2,3.93,97.20,0,3,1,6,0,0,6,1,2,15,25.0,29.1,37.5
20180928,aomori,4,6,,23,5,6,êÏí√ óIäˆ,1,30,96,4,3,3.86,93.00,1,0,0,0,0,0,0,0,1,12,0.0,0.0,7.6
20180928,aomori,4,7,,20,5,7,éOè„ â¿çF,12,36,88,4,1,3.92,99.03,2,2,0,2,4,3,2,7,2,22,6.0,27.2,33.3
20180928,aomori,4,,,23,6,8,è¨ç˘ îπêl,26,28,105,4,2,3.92,93.37,0,5,0,1,0,0,1,0,2,14,5.8,5.8,17.6
20180928,aomori,4,9,,19,6,9,è¨ã¥ èGçK,2,39,85,4,1,3.92,101.29,2,0,0,0,2,0,2,0,6,16,8.3,8.3,33.3
20180928,aomori,5,7,,20,1,1,éƒìc ómï„,13,32,92,4,3,3.92,100.95,1,0,0,0,1,1,0,2,4,15,0.0,9.5,28.5
20180928,aomori,5,8,,23,2,2,é¬íÀ åıàÍ,28,38,90,4,3,3.92,96.88,5,0,0,2,2,1,2,3,3,27,5.7,14.2,22.8
20180928,aomori,5,5,,19,3,3,è¨é ëÂóE,7,24,103,4,2,3.93,95.59,0,5,1,3,2,1,3,4,2,23,9.3,21.8,28.1
20180928,aomori,5,,,24,4,4,çÇã¥ çLëÂ,11,31,99,4,1,3.85,94.28,0,0,0,0,0,0,0,0,1,20,0.0,0.0,4.7
20180928,aomori,5,9,,13,4,5,íÜà‰ ëæóS,29,28,97,4,2,3.92,106.00,0,9,5,5,0,0,1,9,4,15,3.4,34.4,48.2
20180928,aomori,5,,,27,5,6,ñÿñ{ å´ìÒ,27,46,69,4,3,3.77,91.50,9,0,0,0,2,2,1,3,4,28,2.7,11.1,22.2
20180928,aomori,5,6,,22,5,7,í∑ìc óSñÌ,14,36,87,4,3,3.92,99.92,0,0,0,0,1,0,1,0,3,10,7.1,7.1,28.5
20180928,aomori,5,,,25,6,8,å¥ìc ë◊éu,15,32,91,4,1,3.92,91.50,1,2,1,1,1,0,2,1,2,18,8.6,13.0,21.7
20180928,aomori,5,4,,24,6,9,ñkâY òaêl,14,35,105,4,1,3.92,95.25,0,0,0,0,1,0,0,1,1,10,0.0,8.3,16.6
20180928,aomori,6,5,,15,1,1,ç™ñ{ ìNóô,5,32,97,4,2,3.93,102.47,0,4,3,5,0,0,6,2,2,13,26.0,34.7,43.4
20180928,aomori,6,8,,16,2,2,ó— óYàÍ,14,40,83,5,3,3.92,105.22,1,0,0,0,1,2,0,3,3,21,0.0,11.1,22.2
20180928,aomori,6,7,,12,3,3,çHì° ï∂ïF,33,35,97,4,2,3.93,105.70,0,10,4,12,1,0,10,7,7,11,28.5,48.5,68.5
20180928,aomori,6,,,20,4,4,ãgâi òaê∂,34,42,80,4,3,3.92,100.37,0,1,0,2,3,2,4,3,2,16,16.0,28.0,36.0
20180928,aomori,6,6,,20,4,5,ç≤ÅXñÿ è»éi,2,40,86,4,3,3.92,100.96,3,0,0,0,5,2,3,4,5,21,9.0,21.2,36.3
20180928,aomori,6,,,23,5,6,éOëÓ óTïê,24,37,88,4,3,3.92,95.53,0,0,0,0,2,1,1,2,3,23,3.4,10.3,20.6
20180928,aomori,6,4,,14,5,7,à¢í| íqéj,36,36,90,5,2,3.93,107.07,1,2,1,0,0,1,1,1,2,12,6.2,12.5,25.0
20180928,aomori,6,,Åö,22,6,8,ãgâ™ ìƒéu,36,39,82,4,3,3.93,99.46,0,0,0,0,2,1,0,3,7,20,0.0,10.0,33.3
20180928,aomori,6,9,,14,6,9,éRâÍ âÎêm,12,36,87,5,1,3.92,108.78,2,1,1,1,4,4,4,6,4,18,12.5,31.2,43.7
20180928,aomori,7,8,,13,1,1,ç‚ñ{ ó∫în,40,33,90,5,1,3.92,107.22,2,4,0,3,2,0,3,2,4,18,11.1,18.5,33.3
20180928,aomori,7,5,,18,2,2,åéêX ó∫ï„,33,26,101,4,1,3.92,99.33,1,3,0,6,0,0,6,0,2,20,21.4,21.4,28.5
20180928,aomori,7,9,,10,3,3,êÏë∫ çWéi,26,42,85,5,2,3.92,108.35,0,8,5,3,2,0,6,4,1,20,19.3,32.2,35.4
20180928,aomori,7,,,22,4,4,êŒìc ómèG,34,48,64,4,3,3.92,96.58,0,0,0,0,2,3,1,4,2,22,3.4,17.2,24.1
20180928,aomori,7,7,,16,4,5,ó— ãêêl,23,35,91,5,3,3.93,106.56,0,0,0,0,5,2,1,6,4,20,3.2,22.5,35.4
20180928,aomori,7,,,23,5,6,ñÿë∫ ãMçG,8,41,80,4,3,3.92,93.90,0,0,0,0,1,0,0,1,3,17,0.0,4.7,19.0
20180928,aomori,7,6,,18,5,7,ñˆãl ê≥çG,40,31,97,5,3,3.85,104.28,0,0,0,0,1,1,1,1,4,8,7.1,14.2,42.8
20180928,aomori,7,,,23,6,8,í|ìc òaçK,21,41,78,4,3,3.93,96.25,4,0,0,0,1,0,0,1,4,22,0.0,3.7,18.5
20180928,aomori,7,4,,20,6,9,ãgìc óTëS,11,33,90,4,1,3.92,99.78,3,0,0,0,5,3,5,3,3,21,15.6,25.0,34.3
20180928,aomori,8,9,,12,1,1,à∞‡V íCçO,8,30,95,5,3,3.92,112.35,5,0,0,1,5,2,4,4,4,8,20.0,40.0,60.0
20180928,aomori,8,4,,17,2,2,íÜñÏ è≤êl,30,31,93,5,3,3.92,103.86,1,0,0,0,2,2,2,2,3,16,8.6,17.3,30.4
20180928,aomori,8,7,,14,3,3,ìnÁ≥ ê∞íq,22,45,73,5,3,3.92,109.12,2,0,0,0,3,1,0,4,2,19,0.0,16.0,24.0
20180928,aomori,8,6,,21,4,4,è¨ó— óﬂ,19,22,109,4,2,3.85,102.66,0,0,0,0,5,2,2,5,0,9,12.5,43.7,43.7
20180928,aomori,8,5,,15,4,5,çïìc è~,33,33,97,5,1,3.92,105.06,1,7,2,3,3,1,6,3,6,17,18.7,28.1,46.8
20180928,aomori,8,,,24,5,6,ëää} „ƒëæ,7,28,96,4,2,3.85,91.31,1,1,0,1,1,0,1,1,1,19,4.5,9.0,13.6
20180928,aomori,8,8,,8,5,7,ãgìc ëÒñÓ,8,23,107,5,2,3.92,110.76,0,16,6,4,1,0,7,4,0,15,26.9,42.3,42.3
20180928,aomori,8,,Åö,20,6,8,î—ìc åõéi,22,35,96,4,2,3.93,96.66,0,5,1,5,1,0,7,0,3,14,29.1,29.1,41.6
20180928,aomori,8,,,18,6,9,ëOìc ëÒñÁ,27,44,71,5,3,3.86,103.73,0,0,0,0,3,0,2,1,3,13,10.5,15.7,31.5
20180928,aomori,9,5,,16,1,1,íÜñ{ è†âh,43,31,97,4,1,3.92,106.03,1,4,0,11,1,1,6,7,4,9,23.0,50.0,65.3
20180928,aomori,9,8,,8,2,2,ç™ìc ãÛéj,12,30,94,5,2,3.92,110.82,0,15,6,6,0,0,9,3,0,16,32.1,42.8,42.8
20180928,aomori,9,4,,14,3,3,ç‚å˚ çWï„,24,30,95,5,3,3.92,108.60,0,0,0,0,1,1,1,1,3,18,4.3,8.6,21.7
20180928,aomori,9,,,22,4,4,éOíŒ íqê¥,41,41,80,4,3,3.93,97.73,0,0,0,0,1,0,0,1,4,18,0.0,4.3,21.7
20180928,aomori,9,9,,12,4,5,éÁ‡V ëæéu,5,33,96,4,3,3.92,111.50,1,1,1,1,11,3,10,6,4,9,34.4,55.1,68.9
20180928,aomori,9,,,21,5,6,â™çË åiâÓ,17,36,87,4,2,3.92,94.27,1,4,0,1,0,0,1,0,3,14,5.5,5.5,22.2
20180928,aomori,9,7,,16,5,7,é≠ì‡ „ƒ,2,32,95,4,3,3.92,102.50,2,0,0,0,5,2,4,3,4,19,13.3,23.3,36.6
20180928,aomori,9,,,23,6,8,ëCà‰ ä≤óY,24,46,71,4,3,3.86,96.78,1,0,0,0,2,2,1,3,2,26,3.1,12.5,18.7
20180928,aomori,9,6,,16,6,9,êºêÏ êeçK,43,53,57,5,3,3.92,106.24,0,0,0,0,5,2,3,4,2,16,12.0,28.0,36.0
20180928,aomori,10,5,,8,1,1,ï–ê‹ ó∫ëæ,11,31,92,4,2,3.92,104.50,1,18,12,5,0,0,14,3,2,15,41.1,50.0,55.8
20180928,aomori,10,,,20,2,2,çÆñÏ ìNñÁ,4,45,69,4,3,3.92,102.21,1,0,0,0,4,1,4,1,5,13,17.3,21.7,43.4
20180928,aomori,10,9,,8,3,3,å¥ìc å§ëæòN,36,28,98,5,2,3.92,112.08,1,5,1,7,2,0,10,0,3,12,40.0,40.0,52.0
20180928,aomori,10,4,,17,4,4,è¨ó— ë•îV,22,42,85,4,1,3.92,101.77,0,3,1,4,0,0,2,3,3,10,11.1,27.7,44.4
20180928,aomori,10,7,,16,4,5,â™ åıó«,11,36,94,5,3,3.92,108.92,2,0,0,1,4,6,2,9,4,14,6.8,37.9,51.7
20180928,aomori,10,,,21,5,6,ñæìc ètäÏ,1,37,89,4,3,3.93,100.40,0,0,0,0,0,3,0,3,4,21,0.0,10.7,25.0
20180928,aomori,10,8,,12,5,7,ìnïî ìNíj,38,38,84,5,3,3.92,111.66,1,0,0,1,9,0,6,4,4,13,22.2,37.0,51.8
20180928,aomori,10,,,20,6,8,è¨ç‚ ïqîV,9,45,74,5,3,3.92,101.10,2,0,0,0,3,1,1,3,3,22,3.4,13.7,24.1
20180928,aomori,10,6,,17,6,9,ö†ë∫ óm,35,41,80,4,3,3.93,104.40,1,0,0,0,5,2,2,5,4,11,9.0,31.8,50.0
20180928,aomori,11,9,,6,1,1,éRçË å´êl,42,25,111,4,2,3.93,114.95,0,18,10,7,0,1,11,7,1,5,45.8,75.0,79.1
20180928,aomori,11,5,,15,2,2,àÓë∫ ê¨ç_,10,46,69,5,3,3.85,108.33,2,0,0,0,2,1,1,2,5,16,4.1,12.5,33.3
20180928,aomori,11,6,,16,3,3,ä}èº êMçK,23,39,84,5,3,3.92,105.68,4,0,0,0,3,2,1,4,3,24,3.1,15.6,25.0
20180928,aomori,11,4,,19,4,4,è„ñÏ ê^å·,14,31,93,5,1,3.92,99.86,5,1,0,1,3,1,3,2,0,19,12.5,20.8,20.8
20180928,aomori,11,7,,15,4,5,è¨å¥ óBéu,8,35,101,4,2,3.92,103.84,0,10,1,14,0,0,15,0,1,11,55.5,55.5,59.2
20180928,aomori,11,,,20,5,6,ç≤ÅXñÿ ó¥,14,27,109,4,2,3.86,98.48,0,6,0,5,4,1,5,5,2,15,18.5,37.0,44.4
20180928,aomori,11,,,21,5,7,éËìá éuêΩ,10,40,83,4,3,3.86,100.00,0,0,0,0,3,0,1,2,3,18,4.1,12.5,25.0
20180928,aomori,11,,,21,6,8,çÇã¥ âÎîV,12,36,90,4,3,3.92,99.56,2,0,0,0,5,4,3,6,1,13,13.0,39.1,43.4
20180928,aomori,11,8,,11,6,9,åKå¥ ëÂéu,35,42,80,SS,3,3.92,112.09,3,0,0,0,3,3,2,4,5,20,6.4,19.3,35.4
20180928,aomori,12,6,,13,1,1,ëÂíŒ ä∞ìø,4,39,85,5,3,3.92,111.52,2,0,0,0,4,1,3,2,4,17,11.5,19.2,34.6
20180928,aomori,12,7,,14,2,2,è¨å¥ ëæé˜,14,30,95,5,1,3.93,107.44,2,1,0,3,3,1,2,5,0,18,8.0,28.0,28.0
20180928,aomori,12,9,,7,3,3,êVéR ãøïΩ,2,24,107,5,2,3.92,113.00,1,17,7,2,0,0,5,4,2,12,21.7,39.1,47.8
20180928,aomori,12,4,,15,4,4,çÇã¥ ózâÓ,2,36,89,5,1,3.92,105.43,3,1,0,1,2,1,1,3,2,18,4.1,16.6,25.0
20180928,aomori,12,,,13,4,5,írìc óEêl,11,33,90,5,2,3.93,107.53,1,2,2,2,5,0,5,4,4,18,16.1,29.0,41.9
20180928,aomori,12,,,16,5,6,ì‡ì° êÈïF,5,47,67,5,3,3.92,105.08,0,0,0,0,4,0,1,3,4,18,3.8,15.3,30.7
20180928,aomori,12,5,,9,5,7,ìnÁ≥ óYëæ,22,23,105,5,2,3.93,108.39,0,9,3,3,0,0,5,1,4,14,20.8,25.0,41.6
20180928,aomori,12,8,,16,6,8,ç≤ì° óFòa,3,35,88,5,1,3.92,105.21,5,1,0,6,3,0,4,5,2,12,17.3,39.1,47.8
20180928,aomori,12,,,15,6,9,‚Vì° ìoéuêM,4,45,80,5,3,3.85,109.66,2,0,0,0,1,2,1,2,4,15,4.5,13.6,31.8
20180928,toride,1,5,,21,1,1,çH ê≥êM,34,55,55,1,3,3.85,75.45,0,0,0,0,1,4,0,5,2,17,0.0,20.8,29.1
20180928,toride,1,6,,25,2,2,à…ìå ëÒñÁ,10,31,95,1,1,3.85,67.75,1,0,0,0,1,0,1,0,4,12,5.8,5.8,29.4
20180928,toride,1,8,,24,3,3,ìnÁ≤ ÈDëæ,22,23,109,1,2,3.92,70.25,3,4,0,2,2,1,2,3,4,15,8.3,20.8,37.5
20180928,toride,1,,,26,4,4,å√íJ èGñæ,14,46,79,1,3,3.85,67.31,2,0,0,0,4,0,3,1,6,20,10.0,13.3,33.3
20180928,toride,1,9,,23,5,5,ä€éR èüñÁ,22,39,85,1,3,3.86,71.48,1,0,0,0,2,4,0,6,5,14,0.0,24.0,44.0
20180928,toride,1,,,26,6,6,ïyà‰ ê≥ñÂ,38,50,68,1,3,3.92,66.93,2,0,0,0,5,2,1,6,4,20,3.2,22.5,35.4
20180928,toride,1,7,,22,6,7,ì‡ìc çWçO,22,51,61,1,3,3.54,70.87,3,0,0,1,1,0,1,1,2,20,4.1,8.3,16.6
20180928,toride,2,6,,26,1,1,ìcë∫ è~éj,22,42,79,1,1,3.85,66.81,1,0,0,0,0,0,0,0,4,23,0.0,0.0,14.8
20180928,toride,2,8,,19,2,2,í∑ê≥òH é˜,13,52,60,1,3,3.85,75.87,0,0,0,0,2,1,1,2,5,16,4.1,12.5,33.3
20180928,toride,2,5,,22,3,3,ñÿî¶ çKêm,46,45,73,1,3,3.85,71.34,0,0,0,0,1,1,1,1,4,24,3.3,6.6,20.0
20180928,toride,2,,,27,4,4,ïêà‰ çéïq,23,44,75,1,3,3.85,65.14,2,0,0,0,3,0,1,2,4,27,2.9,8.8,20.5
20180928,toride,2,7,,21,5,5,è¨ó— çGîN,22,52,55,1,3,3.92,72.53,1,0,0,0,1,3,1,3,2,22,3.5,14.2,21.4
20180928,toride,2,,,28,6,6,‚Vì° åıóm,22,44,80,1,3,3.86,64.86,0,0,0,0,1,1,0,2,2,20,0.0,8.3,16.6
20180928,toride,2,9,,12,6,7,êAå¥ ëÙñÁ,11,24,113,1,2,3.77,77.58,5,3,2,5,3,0,8,2,1,1,66.6,83.3,91.6
20180928,toride,3,5,,21,1,1,êõì° íq,10,35,95,1,2,3.92,73.07,2,3,0,2,3,3,3,5,8,11,11.1,29.6,59.2
20180928,toride,3,6,,21,2,2,ê{âi èüëæ,7,27,98,1,2,3.85,68.89,1,8,3,2,0,0,3,2,2,12,15.7,26.3,36.8
20180928,toride,3,9,,19,3,3,ì°à‰ õí,34,24,113,1,2,3.85,72.38,5,5,2,5,1,0,5,3,3,7,27.7,44.4,61.1
20180928,toride,3,7,,18,4,4,à¢ïî îéîV,13,42,82,1,3,3.86,75.60,2,0,0,0,5,5,2,8,3,10,8.6,43.4,56.5
20180928,toride,3,,,27,5,5,ëÂè¿ èC,7,49,61,1,3,3.86,67.63,0,0,0,0,2,4,0,6,4,20,0.0,20.0,33.3
20180928,toride,3,,,25,6,6,ã¥å˚ ëÙ,13,38,90,1,3,3.85,67.53,0,0,0,1,3,0,3,1,0,12,18.7,25.0,25.0
20180928,toride,3,8,,21,6,7,ç]å˚ çWê≥,42,43,75,1,3,3.85,73.62,0,0,0,0,4,1,3,2,7,15,11.1,18.5,44.4
20180928,toride,4,6,,19,1,1,êºë∫ èÆï∂,46,35,91,1,1,3.92,74.85,1,1,1,1,3,1,2,4,3,18,7.4,22.2,33.3
20180928,toride,4,8,,14,2,2,å¥ìc ó≤,27,43,77,1,3,3.92,77.44,0,0,0,1,5,0,4,2,2,1,44.4,66.6,88.8
20180928,toride,4,5,,13,3,3,ëOêÏ óTäÛ,1,41,95,1,1,3.92,74.23,2,6,3,2,0,3,4,4,2,16,15.3,30.7,38.4
20180928,toride,4,7,,19,4,4,çÇã¥ åcçK,5,48,68,1,3,3.92,73.11,2,1,1,1,7,2,6,5,2,14,22.2,40.7,48.1
20180928,toride,4,,,23,5,5,ëDëq ëÏòY,42,34,99,1,1,3.85,69.04,0,2,1,2,0,0,2,1,4,15,9.0,13.6,31.8
20180928,toride,4,,,26,6,6,ñÏçË èCàÍ,9,55,57,1,3,3.83,67.44,1,0,0,0,4,2,1,5,2,19,3.7,22.2,29.6
20180928,toride,4,9,,13,6,7,à‰ìc èªîV,23,27,113,1,2,3.93,77.26,0,8,5,4,1,0,8,2,2,3,53.3,66.6,80.0
20180928,toride,5,5,,16,1,1,êXìc íBñÁ,7,35,88,1,1,3.85,76.08,3,6,2,2,1,1,3,3,5,13,12.5,25.0,45.8
20180928,toride,5,9,,11,2,2,è¨ã  óEàÍ,11,24,113,1,2,3.85,78.86,6,9,5,7,1,1,10,4,0,1,66.6,93.3,93.3
20180928,toride,5,6,,22,3,3,ãeíJ êMàÍ,27,33,90,1,1,3.85,71.50,1,1,0,3,1,0,1,3,2,7,7.6,30.7,46.1
20180928,toride,5,7,Åö,19,4,4,ëPï˚ ê≠î¸,7,43,82,1,2,3.85,69.59,1,12,7,3,0,0,4,6,4,13,14.8,37.0,51.8
20180928,toride,5,8,,23,5,5,ìVè¿ âÎãM,11,34,96,1,3,3.77,71.65,1,0,0,1,3,6,4,6,4,13,14.8,37.0,51.8
20180928,toride,5,,,24,6,6,ó— íºãP,8,31,99,1,1,3.92,68.15,2,2,1,1,3,0,3,2,4,18,11.1,18.5,33.3
20180928,toride,5,,,22,6,7,írì‡ å·òY,38,48,65,1,3,3.92,71.43,2,0,0,0,2,2,1,3,4,16,4.1,16.6,33.3
20180928,toride,6,6,,19,1,1,éRå˚ çÿí√éq,39,29,102,L1,1,3.71,48.82,4,0,0,0,0,1,0,1,4,12,0.0,5.8,29.4
20180928,toride,6,7,,18,2,2,·cñ¡ íºî¸,23,22,114,L1,1,3.71,48.66,0,0,0,0,0,1,0,1,4,13,0.0,5.5,27.7
20180928,toride,6,9,,5,3,3,âúà‰ Áå,13,36,106,L1,1,3.77,54.96,1,16,6,9,0,0,12,3,4,6,48.0,60.0,76.0
20180928,toride,6,,,20,4,4,ïüìc óÁâ¿,9,23,108,L1,1,3.64,46.59,1,0,0,0,0,0,0,0,1,26,0.0,0.0,3.7
20180928,toride,6,,,18,5,5,ì˙ñÏ óFà®,38,23,108,L1,1,3.69,47.53,1,0,0,0,0,1,0,1,4,23,0.0,3.5,17.8
20180928,toride,6,8,,10,6,6,â¡ì° åb,2,32,112,L1,1,3.77,53.96,7,15,10,6,0,0,9,7,5,6,33.3,59.2,77.7
20180928,toride,6,5,,19,6,7,ä÷å˚ î¸ï‰,11,36,102,L1,1,3.71,50.00,1,2,0,1,0,1,1,1,5,13,5.0,10.0,35.0
20180928,toride,7,,,19,1,1,ì°íJ ÇÕÇÈÇ»,8,24,110,L1,1,3.71,47.83,1,0,0,0,0,2,0,2,3,14,0.0,10.5,26.3
20180928,toride,7,6,,18,2,2,ìnï” Ç‰Ç©ÇË,19,37,102,L1,1,3.64,49.39,4,1,0,1,0,3,1,3,4,20,3.5,14.2,28.5
20180928,toride,7,8,,14,3,3,ì‡ë∫ ïëêD,40,20,112,L1,1,3.71,54.33,7,6,1,4,1,7,6,7,6,5,25.0,54.1,79.1
20180928,toride,7,,,19,4,4,ìnå˚ Ç‹ÇËÇ†,35,23,114,L1,1,3.77,47.00,0,2,0,0,0,1,0,1,2,12,0.0,6.6,20.0
20180928,toride,7,5,,17,5,5,å≥çª éµó[î¸,29,23,108,L1,1,3.71,50.84,3,1,0,0,2,5,1,6,4,14,4.0,28.0,44.0
20180928,toride,7,9,,10,6,6,äÅìc ïë,9,31,104,L1,1,3.79,55.96,6,6,0,13,5,3,13,8,0,4,52.0,84.0,84.0
20180928,toride,7,7,,18,6,7,çÇã¥ íqçÅ,23,21,112,L1,1,3.69,51.25,4,0,0,0,0,1,0,1,2,7,0.0,10.0,30.0
20180928,toride,8,6,,20,1,1,ëÂìá è´êl,7,30,94,3,1,3.85,82.35,4,0,0,1,2,0,3,0,2,12,17.6,17.6,29.4
20180928,toride,8,7,,18,2,2,ëÅêÏ ê¨ñÓ,11,42,78,3,1,3.92,83.88,0,1,0,0,0,0,0,0,2,7,0.0,0.0,22.2
20180928,toride,8,9,,19,3,3,íÜñÏ ó«,1,43,83,2,3,3.92,84.73,0,0,0,0,6,1,4,3,8,15,13.3,23.3,50.0
20180928,toride,8,4,,21,4,4,õîîn ëæóz,14,39,85,3,1,3.92,80.11,0,0,0,0,1,1,1,1,0,7,11.1,22.2,22.2
20180928,toride,8,,,21,4,5,çÇåK óRè∏,7,41,81,2,3,3.92,81.23,2,0,0,0,3,0,2,1,0,27,6.6,10.0,10.0
20180928,toride,8,,,19,5,6,ç‚ñ{ ïqñÁ,1,32,93,2,1,3.92,79.15,0,9,3,3,1,1,4,4,1,18,14.8,29.6,33.3
20180928,toride,8,5,,17,5,7,ìíêÛ ëÂï„,12,33,96,2,2,3.83,85.50,1,4,1,0,1,0,1,1,3,10,6.6,13.3,33.3
20180928,toride,8,8,,21,6,8,ì°å¥ ã`ê∞,3,37,88,2,3,3.92,79.20,2,2,1,0,6,0,5,2,0,23,16.6,23.3,23.3
20180928,toride,8,,,20,6,9,ê_éR èÆ,9,27,109,2,2,3.69,80.44,3,5,2,1,1,2,2,4,2,19,7.4,22.2,29.6
20180928,toride,9,5,,17,1,1,çbî„ çNè∫,10,33,89,3,3,3.92,85.27,6,1,0,5,4,2,4,7,1,17,13.7,37.9,41.3
20180928,toride,9,8,,21,2,2,ïΩ‡V èGêM,1,45,73,2,3,3.92,83.25,0,0,0,0,0,0,0,0,5,15,0.0,0.0,25.0
20180928,toride,9,7,,17,3,3,îãíJ íºê≥,14,48,69,3,3,3.92,83.06,0,0,0,0,1,0,1,0,2,13,6.2,6.2,18.7
20180928,toride,9,,,16,4,4,ïêì° ãMéu,12,43,81,2,2,3.92,80.58,12,7,1,2,1,0,3,1,2,23,10.3,13.7,20.6
20180928,toride,9,4,,21,4,5,ãgã¥ èGèÈ,11,39,85,2,3,3.93,81.92,1,0,0,0,1,1,0,2,1,24,0.0,7.4,11.1
20180928,toride,9,,,23,5,6,ìcî® âpçs,3,34,95,2,1,3.92,78.55,0,0,0,1,1,0,1,1,1,16,5.2,10.5,15.7
20180928,toride,9,9,,15,5,7,ìnÁ≥ ê≥êl,7,27,100,2,2,3.93,85.80,2,9,4,3,0,0,4,3,4,19,13.3,23.3,36.6
20180928,toride,9,,,21,6,8,ïx‡V ómóS,22,42,81,2,3,3.85,79.18,0,0,0,0,1,0,0,1,1,21,0.0,4.3,8.6
20180928,toride,9,6,,18,6,9,ä÷åÀ ìw,4,43,82,3,3,3.85,82.70,6,0,0,2,1,0,3,0,5,22,10.0,10.0,26.6
20180928,toride,10,9,,12,1,1,êÚ ï∂êl,7,28,99,3,2,3.86,90.95,4,5,0,5,1,1,6,1,1,14,27.2,31.8,36.3
20180928,toride,10,7,,11,2,2,éOçD åbàÍòY,10,31,99,2,2,3.85,90.00,1,15,7,4,0,0,8,3,6,12,27.5,37.9,58.6
20180928,toride,10,6,,14,3,3,ó¢å© çPïΩ,12,41,99,3,2,3.92,87.66,3,5,1,9,0,0,7,3,5,15,23.3,33.3,50.0
20180928,toride,10,4,,18,4,4,ïƒìc èüóm,12,50,62,3,3,3.92,84.55,0,0,0,0,3,2,2,3,4,18,7.4,18.5,33.3
20180928,toride,10,5,,15,4,5,â™ìc ë◊ín,9,26,100,3,3,3.85,89.67,6,0,0,0,4,4,2,6,4,19,6.4,25.8,38.7
20180928,toride,10,,,20,5,6,äÅå¥ àüåŒ,22,47,73,2,3,3.85,81.85,3,0,0,1,2,1,3,1,2,21,11.1,14.8,22.2
20180928,toride,10,,,18,5,7,ã‡éq åìãv,4,40,81,3,3,3.92,85.29,1,0,0,0,3,2,2,3,4,18,7.4,18.5,33.3
20180928,toride,10,,,20,6,8,çaå˚ òaêl,14,41,85,2,3,3.86,84.20,0,0,0,0,2,0,1,1,7,16,4.0,8.0,36.0
20180928,toride,10,8,,14,6,9,çÇã¥ èGãg,5,35,88,3,3,3.92,93.07,0,0,0,0,6,3,6,3,4,14,22.2,33.3,48.1
20180928,toride,11,5,,12,1,1,éRå˚ ãMçO,9,40,84,3,3,3.85,94.12,3,0,0,3,3,1,2,5,2,15,8.3,29.1,37.5
20180928,toride,11,8,,15,2,2,êÖèë ã`çO,12,45,75,3,3,3.93,91.70,2,0,0,1,1,0,1,1,5,20,3.7,7.4,25.9
20180928,toride,11,7,Åö,16,3,3,èhå˚ èÅïΩ,11,36,91,3,1,3.93,89.22,1,0,0,0,4,0,4,0,0,5,44.4,44.4,44.4
20180928,toride,11,4,,14,4,4,ä}èº è´ëæ,11,26,100,3,2,3.92,83.41,1,12,3,2,1,0,5,1,4,15,20.0,24.0,40.0
20180928,toride,11,9,,8,4,5,êõå¥ ëÂñÁ,14,27,107,3,2,3.93,91.03,0,15,9,1,2,0,6,6,4,14,20.0,40.0,53.3
20180928,toride,11,,,21,5,6,éOñÿ „ƒëæ,10,30,95,2,1,3.93,76.72,5,1,0,1,1,0,1,1,1,22,4.0,8.0,12.0
20180928,toride,11,,,19,5,7,ñ˜ìc ãMçK,8,31,94,2,3,3.93,84.54,2,0,0,0,2,0,1,1,5,17,4.1,8.3,29.1
20180928,toride,11,,,20,6,8,ç≤ì° ñæ,22,43,77,2,3,3.85,83.04,3,0,0,0,2,0,1,1,4,19,4.0,8.0,24.0
20180928,toride,11,6,,17,6,9,í©èG íâ,8,47,68,3,3,3.85,85.61,0,0,0,0,4,1,2,3,2,14,9.5,23.8,33.3
20180928,toride,12,7,,13,1,1,è¨êÏ íBñÁ,22,31,93,3,2,3.93,89.35,2,8,3,5,1,0,5,4,2,7,27.7,50.0,61.1
20180928,toride,12,9,,6,2,2,ëÂñÓ êíçO,13,27,107,3,2,3.93,97.20,1,8,6,3,1,0,7,3,5,10,28.0,40.0,60.0
20180928,toride,12,6,,18,3,3,êÏè„ ê^ìÒòY,15,38,86,2,3,3.92,84.28,1,0,0,2,2,0,1,3,3,22,3.4,13.7,24.1
20180928,toride,12,,,21,4,4,ä÷ åh,9,42,81,2,3,3.92,80.92,0,0,0,0,2,0,2,0,0,25,7.4,7.4,7.4
20180928,toride,12,5,,15,4,5,ê{ì° åÂ,12,29,99,3,3,3.92,92.43,3,0,0,0,3,2,1,4,2,10,5.8,29.4,41.1
20180928,toride,12,,,22,5,6,àÆ åíëæòY,14,44,73,2,3,3.93,77.26,3,0,0,0,0,0,0,0,2,21,0.0,0.0,8.6
20180928,toride,12,8,,17,5,7,è¨é∫ ãMçL,8,44,75,3,3,3.92,85.96,1,0,0,1,3,3,2,5,6,17,6.6,23.3,43.3
20180928,toride,12,4,,22,6,8,èºñ{ àÍê¨,15,43,77,2,2,3.92,78.12,7,4,3,1,0,0,0,4,2,20,0.0,15.3,23.0
20180928,toride,12,,,19,6,9,ó— ñMïF,12,45,73,3,3,3.92,85.29,0,0,0,0,2,3,2,3,1,18,8.3,20.8,25.0
20180928,hiratsuka,1,,,21,1,1,ãgìc ó÷ëæòY,14,39,88,2,1,3.92,79.42,0,6,0,0,1,1,0,2,1,23,0.0,7.6,11.5
20180928,hiratsuka,1,9,,18,2,2,ñÓì‡ ó«òa,10,43,75,3,3,3.85,85.22,1,0,0,0,2,0,1,1,4,21,3.7,7.4,22.2
20180928,hiratsuka,1,7,,18,3,3,äCñÏ ì÷íj,22,47,69,3,3,3.92,91.00,1,0,0,0,0,3,0,3,2,17,0.0,13.6,22.7
20180928,hiratsuka,1,6,,21,4,4,ëÍéR é¿,36,41,84,2,3,3.92,79.42,0,0,0,0,0,0,0,0,1,7,0.0,0.0,12.5
20180928,hiratsuka,1,4,,21,4,5,ç≤ì° å™,9,33,90,2,3,3.92,80.14,0,0,0,0,0,1,0,1,3,24,0.0,3.5,14.2
20180928,hiratsuka,1,,,23,5,6,èºà‰ âpçK,23,54,52,2,3,3.79,77.65,0,0,0,0,0,1,0,1,1,25,0.0,3.7,7.4
20180928,hiratsuka,1,8,,17,5,7,éRçË ä∞ñ§,15,35,93,2,2,3.92,83.95,0,8,1,3,0,0,2,2,3,17,8.3,16.6,29.1
20180928,hiratsuka,1,,,23,6,8,ãg‡V å´,12,40,94,2,3,3.77,79.22,2,0,0,0,0,1,0,1,2,15,0.0,5.5,16.6
20180928,hiratsuka,1,5,,16,6,9,ã˜ìc çKèï,34,34,91,3,2,3.92,81.40,0,13,5,0,0,0,3,2,2,20,11.1,18.5,25.9
20180928,hiratsuka,2,5,,19,1,1,íÜéR åí,15,35,89,3,1,3.92,82.40,2,1,0,6,1,0,3,4,4,19,10.0,23.3,36.6
20180928,hiratsuka,2,,,22,2,2,ïüä‘ óÕ,14,44,76,2,3,3.85,80.33,0,0,0,0,0,0,0,0,1,2,0.0,0.0,33.3
20180928,hiratsuka,2,9,,14,3,3,ã‡éR âhé°,25,44,72,3,1,3.92,91.20,3,0,0,2,4,2,3,5,4,18,10.0,26.6,40.0
20180928,hiratsuka,2,6,,20,4,4,ã¥ñ{ óSéi,2,34,95,2,1,3.86,79.12,0,5,0,5,0,0,3,2,1,27,9.0,15.1,18.1
20180928,hiratsuka,2,4,,22,4,5,ë∫è„ èáãK,15,42,80,2,3,3.57,79.50,0,0,0,0,1,0,1,0,1,22,4.1,4.1,8.3
20180928,hiratsuka,2,,,30,5,6,ç°à‰ âpñæ,14,49,71,2,3,3.92,71.28,0,0,0,0,0,0,0,0,1,7,0.0,0.0,12.5
20180928,hiratsuka,2,8,,12,5,7,ãgâ™ êLëæòY,38,25,105,2,2,3.86,84.70,0,15,6,0,0,0,2,4,3,15,8.3,25.0,37.5
20180928,hiratsuka,2,,,20,6,8,âñìc ëÂï„,22,30,96,3,2,3.92,78.70,0,9,4,1,0,0,3,2,3,16,12.5,20.8,33.3
20180928,hiratsuka,2,7,,22,6,9,íÀñ{ ó@,7,42,85,2,3,3.77,79.22,3,0,0,1,5,1,2,5,1,19,7.4,25.9,29.6
20180928,hiratsuka,3,4,,19,1,1,êºéR å\ìÒ,36,35,100,3,3,3.92,85.09,0,0,0,0,3,0,2,1,1,18,9.0,13.6,18.1
20180928,hiratsuka,3,6,,20,2,2,âià‰ ó∫,1,38,89,2,3,3.92,84.03,0,0,0,0,1,2,0,3,5,20,0.0,10.7,28.5
20180928,hiratsuka,3,9,,15,3,3,êAëê ó∫âÓ,12,34,90,3,3,3.92,88.80,4,0,0,5,7,2,8,6,2,14,26.6,46.6,53.3
20180928,hiratsuka,3,5,,20,4,4,éRå˚ ñŒ,7,39,98,2,1,3.86,81.45,2,3,0,4,1,1,3,3,1,16,13.0,26.0,30.4
20180928,hiratsuka,3,7,,22,4,5,ìnÁ≤ àÍóm,22,45,72,2,3,3.93,81.51,0,0,0,0,1,1,0,2,0,25,0.0,7.4,7.4
20180928,hiratsuka,3,,,20,5,6,ì‡ë∫ ó≥ñÁ,35,42,93,2,2,3.85,79.08,3,4,1,0,0,2,0,3,2,21,0.0,11.5,19.2
20180928,hiratsuka,3,,,21,5,7,ç‚å˚ é˜ó≤,43,43,73,2,3,3.92,83.42,0,0,0,0,0,2,0,2,6,21,0.0,6.8,27.5
20180928,hiratsuka,3,,,22,6,8,ñkâY çOä≤,30,43,77,2,3,3.92,80.81,0,0,0,0,1,0,0,1,0,15,0.0,6.2,6.2
20180928,hiratsuka,3,8,,18,6,9,ïxà¿ ï€è[,23,36,91,2,3,3.85,85.59,3,1,0,1,3,4,3,5,2,22,9.3,25.0,31.2
20180928,hiratsuka,4,7,,14,1,1,ê¨ê¥ å™ìÒòY,12,34,90,3,3,3.92,92.76,0,0,0,0,2,1,0,3,7,20,0.0,10.0,33.3
20180928,hiratsuka,4,9,,11,2,2,ç≤ï˚ ó«çs,43,37,97,3,1,3.92,94.76,0,5,3,7,3,1,11,3,1,6,52.3,66.6,71.4
20180928,hiratsuka,4,5,,11,3,3,óŒêÏ èCïΩ,7,35,95,3,2,3.92,87.73,1,9,7,4,1,0,9,3,1,17,30.0,40.0,43.3
20180928,hiratsuka,4,,,17,4,4,êÛè¿ êπém,22,37,87,2,1,3.93,84.88,11,1,0,1,4,1,4,2,4,17,14.8,22.2,37.0
20180928,hiratsuka,4,6,,14,4,5,çÇã¥ ãIéj,5,32,91,3,3,3.92,89.00,0,0,0,1,4,2,4,3,2,9,22.2,38.8,50.0
20180928,hiratsuka,4,,,18,5,6,íÀñ{ èüém,9,41,81,3,1,3.93,83.96,3,5,0,2,1,0,2,1,6,21,6.6,10.0,30.0
20180928,hiratsuka,4,4,,12,5,7,â¡ì° åíàÍ,14,26,107,3,2,3.92,92.44,0,11,5,2,0,0,6,1,5,14,23.0,26.9,46.1
20180928,hiratsuka,4,,,19,6,8,à‰éR òaóT,35,39,84,3,3,3.92,84.29,1,0,0,0,4,2,2,4,5,16,7.4,22.2,40.7
20180928,hiratsuka,4,8,,18,6,9,ê•âi çKä∞,40,32,94,2,3,3.92,86.12,2,1,0,2,1,2,1,4,7,20,3.1,15.6,37.5
20180928,hiratsuka,5,9,,10,1,1,âZê∂ êííq,43,23,109,3,2,3.92,92.78,1,8,5,7,0,0,9,3,4,8,37.5,50.0,66.6
20180928,hiratsuka,5,,,18,2,2,éRìc çWãv,17,43,77,3,3,3.92,85.33,0,0,0,0,4,1,3,2,5,18,10.7,17.8,35.7
20180928,hiratsuka,5,5,,16,3,3,â‘ìc è´éi,12,31,99,2,2,3.92,87.40,3,7,2,5,1,0,4,4,5,17,13.3,26.6,43.3
20180928,hiratsuka,5,4,,18,4,4,óÈñÿ úƒìÒ,14,45,74,3,3,3.86,83.77,1,0,0,0,1,3,1,3,4,19,3.7,14.8,29.6
20180928,hiratsuka,5,7,,15,4,5,ñkë∫ ãMçK,10,47,71,3,3,3.85,92.32,0,0,0,0,3,2,1,4,4,19,3.5,17.8,32.1
20180928,hiratsuka,5,,,21,5,6,ìnï” êπ,14,32,100,2,3,3.92,81.73,1,0,0,1,1,1,0,3,3,14,0.0,15.0,30.0
20180928,hiratsuka,5,8,,16,5,7,ïêìc ó«ëæ,38,36,88,3,3,3.92,90.04,1,0,0,0,5,2,3,4,5,12,12.5,29.1,50.0
20180928,hiratsuka,5,,,16,6,8,ì˙âY êíìπ,30,27,109,2,2,3.85,83.70,0,13,5,0,0,0,3,2,4,15,12.5,20.8,37.5
20180928,hiratsuka,5,6,Åö,16,6,9,ïΩå¥ å[ëΩ,11,33,97,2,1,3.92,87.71,3,3,1,2,1,2,2,4,6,17,6.8,20.6,41.3
20180928,hiratsuka,6,9,,5,1,1,ì°à‰ è∫å·,25,32,99,3,2,3.92,95.74,0,17,8,4,0,0,7,5,3,12,25.9,44.4,55.5
20180928,hiratsuka,6,5,,10,2,2,éà‰ óYëΩ,7,22,109,3,2,3.83,92.38,1,10,4,2,2,0,8,0,4,9,38.0,38.0,57.1
20180928,hiratsuka,6,,,18,3,3,çÇã¥ è∏ïΩ,11,28,99,3,3,3.85,84.74,2,0,0,0,1,3,0,4,4,23,0.0,12.9,25.8
20180928,hiratsuka,6,4,,19,4,4,çÇëq èrçG,40,31,93,2,1,3.92,83.12,0,3,2,3,1,1,3,4,5,12,12.5,29.1,50.0
20180928,hiratsuka,6,8,,13,4,5,ã{âz çFé°,16,39,82,3,3,3.86,94.54,3,2,0,2,3,1,4,2,4,13,17.3,26.0,43.4
20180928,hiratsuka,6,,Åö,22,5,6,ïûïî ê≥îé,11,33,91,2,1,3.92,77.33,10,8,0,1,0,0,1,0,3,26,3.3,3.3,13.3
20180928,hiratsuka,6,6,,14,5,7,íÜë∫ åíéu,43,32,96,3,3,3.85,90.00,3,0,0,0,1,3,1,3,2,15,4.7,19.0,28.5
20180928,hiratsuka,6,,,21,6,8,ã˜ íºçK,35,40,84,2,3,3.92,81.66,1,0,0,0,3,3,2,4,3,21,6.6,20.0,30.0
20180928,hiratsuka,6,7,,13,6,9,ê¬êX êLñÁ,7,41,87,3,1,3.93,91.85,1,1,0,3,0,0,1,2,1,17,4.7,14.2,19.0
20180928,hiratsuka,7,4,,25,1,1,ñÏë∫ èÉçG,14,42,82,4,3,3.92,94.41,0,0,0,0,0,2,0,2,2,26,0.0,6.6,13.3
20180928,hiratsuka,7,8,,20,2,2,ê¨èº èté˜,41,32,93,4,2,3.93,94.73,0,10,1,1,0,0,1,1,0,17,5.2,10.5,10.5
20180928,hiratsuka,7,5,,18,3,3,à…ì° ê≥é˜,23,46,71,5,1,3.54,105.00,2,0,0,0,5,2,4,3,3,20,13.3,23.3,33.3
20180928,hiratsuka,7,,,22,4,4,è¨ó— ê\ëæ,8,35,101,4,2,3.92,93.43,0,10,1,0,0,0,0,1,1,28,0.0,3.3,6.6
20180928,hiratsuka,7,7,,21,4,5,ãTà‰ ãvçK,12,37,95,4,1,3.92,97.35,0,0,0,1,2,0,2,1,2,13,11.1,16.6,27.7
20180928,hiratsuka,7,,,27,5,6,êXâ™ ê≥êb,39,43,75,4,3,3.92,91.16,0,0,0,0,0,0,0,0,0,12,0.0,0.0,0.0
20180928,hiratsuka,7,6,,20,5,7,è¨ó— å\âÓ,8,42,83,4,3,3.92,99.56,0,0,0,0,0,3,0,3,7,24,0.0,8.8,29.4
20180928,hiratsuka,7,,,20,6,8,ç˜à‰ óYëæ,23,26,100,4,2,3.92,91.65,0,15,2,0,0,0,1,1,0,28,3.3,6.6,6.6
20180928,hiratsuka,7,9,,19,6,9,êºìc ëÂéu,40,27,98,4,1,3.92,103.30,0,0,0,0,4,2,2,4,5,13,8.3,25.0,45.8
20180928,hiratsuka,8,8,,18,1,1,ç≤êÏ „ƒå·,27,34,94,4,2,3.93,95.89,0,17,3,1,0,0,2,2,5,20,6.8,13.7,31.0
20180928,hiratsuka,8,5,,16,2,2,ç≤ÅXñÿ óYàÍ,7,38,83,5,3,3.93,104.77,0,0,0,1,6,1,6,2,4,15,22.2,29.6,44.4
20180928,hiratsuka,8,6,,21,3,3,ñÏñ{ „ƒëæ,39,34,91,4,3,3.92,101.70,0,0,0,0,2,1,1,2,2,16,4.7,14.2,23.8
20180928,hiratsuka,8,,,20,4,4,è@çË ê¢òA,39,27,100,4,2,3.93,94.37,2,8,1,3,0,0,2,2,2,18,8.3,16.6,25.0
20180928,hiratsuka,8,4,,23,4,5,à…ì° ëæàÍ,19,36,91,4,2,3.93,94.88,5,3,0,5,0,2,4,3,2,18,14.8,25.9,33.3
20180928,hiratsuka,8,,,24,5,6,ã{ì‡ ëPåı,10,37,88,4,3,3.92,93.23,1,0,0,0,1,1,1,1,1,23,3.8,7.6,11.5
20180928,hiratsuka,8,7,,23,5,7,ìnï” è\ñ≤,18,38,85,4,3,3.93,97.41,0,1,0,0,1,0,1,0,1,12,7.1,7.1,14.2
20180928,hiratsuka,8,,,24,6,8,çÇés åPíA,38,30,97,4,3,3.92,93.70,1,0,0,0,0,2,0,2,1,24,0.0,7.4,11.1
20180928,hiratsuka,8,9,,19,6,9,ñkêÏ ñ‰ïî,18,44,78,4,3,3.92,102.95,0,0,0,0,2,0,0,2,5,15,0.0,9.0,31.8
20180928,hiratsuka,9,8,,15,1,1,çÇå¥ êméu,36,38,85,5,3,3.92,107.80,1,0,0,0,7,2,6,3,2,20,19.3,29.0,35.4
20180928,hiratsuka,9,5,,14,2,2,èºç‚ ómïΩ,14,36,89,4,2,3.92,103.25,0,11,8,5,0,0,5,8,4,14,16.1,41.9,54.8
20180928,hiratsuka,9,7,Åö,16,3,3,ëÂêX åcàÍ,1,36,88,5,3,3.86,107.22,2,0,0,0,3,4,1,6,7,13,3.7,25.9,51.8
20180928,hiratsuka,9,,,19,4,4,çr‡V ãMéj,1,39,85,4,3,3.92,102.62,1,0,0,0,1,4,1,4,4,16,4.0,20.0,36.0
20180928,hiratsuka,9,6,,17,4,5,ëÂíÀ âpêL,22,40,82,5,3,3.92,105.76,2,0,0,0,6,2,5,3,6,20,14.7,23.5,41.1
20180928,hiratsuka,9,,,21,5,6,èºâi è´,8,37,89,4,3,3.92,99.64,1,0,0,0,4,1,3,2,4,17,11.5,19.2,34.6
20180928,hiratsuka,9,9,,11,5,7,éÊíπ óYå·,33,23,107,5,2,3.92,105.22,0,11,3,1,0,0,3,1,3,12,15.7,21.0,36.8
20180928,hiratsuka,9,4,,17,6,8,çÇñÿ „ƒ,3,24,105,4,2,3.92,101.72,0,4,0,8,3,0,9,2,2,16,31.0,37.9,44.8
20180928,hiratsuka,9,,,18,6,9,ç]éÁ è∏,12,43,73,5,3,3.92,104.00,0,0,0,0,1,1,1,1,2,6,10.0,20.0,40.0
20180928,hiratsuka,10,9,,8,1,1,éRíÜ èGè´,12,32,95,5,2,3.92,114.04,0,5,1,8,0,0,5,4,5,9,21.7,39.1,60.8
20180928,hiratsuka,10,6,,16,2,2,ìõà‰ óTç∆,28,37,89,5,2,3.92,102.62,2,2,1,3,4,0,4,4,2,19,13.7,27.5,34.4
20180928,hiratsuka,10,7,,18,3,3,ñÓå˚ å[àÍòY,10,38,86,4,1,3.92,100.88,0,4,0,4,2,2,5,3,5,13,19.2,30.7,50.0
20180928,hiratsuka,10,,,23,4,4,êŒà‰ ãB,14,45,74,4,3,3.93,96.60,1,0,0,0,7,2,6,3,7,18,17.6,26.4,47.0
20180928,hiratsuka,10,5,,15,4,5,ñkñÏ ïêéj,17,46,78,5,3,3.93,106.83,0,0,0,0,2,3,1,4,2,24,3.2,16.1,22.5
20180928,hiratsuka,10,,,25,5,6,èóâÆ ï∂êL,11,40,83,4,3,3.92,93.14,1,0,0,0,0,0,0,0,0,27,0.0,0.0,0.0
20180928,hiratsuka,10,8,,15,5,7,îíåÀ è~ëæòY,14,45,74,5,3,3.93,107.31,0,0,0,0,3,1,3,1,7,18,10.3,13.7,37.9
20180928,hiratsuka,10,,,22,6,8,êŒêÏ âÎñ],10,32,91,4,3,3.92,94.56,1,0,0,0,0,1,0,1,1,22,0.0,4.1,8.3
20180928,hiratsuka,10,4,,19,6,9,ìnÁ≤ åí,23,45,76,4,3,3.93,103.66,1,0,0,0,6,0,2,4,3,11,10.0,30.0,45.0
20180928,hiratsuka,11,8,,15,1,1,ê_éR óYàÍòY,9,50,61,5,3,3.92,106.56,1,0,0,0,3,1,2,2,5,18,7.4,14.8,33.3
20180928,hiratsuka,11,5,,14,2,2,â™çË íqç∆,27,33,96,4,2,3.92,104.05,0,7,3,6,0,0,6,3,1,9,31.5,47.3,52.6
20180928,hiratsuka,11,6,,19,3,3,â¡ì° å\àÍ,14,40,85,4,3,3.92,101.75,1,0,0,0,2,0,2,0,4,16,9.0,9.0,27.2
20180928,hiratsuka,11,,,19,4,4,îb íºñÁ,14,30,101,4,2,3.92,101.19,0,4,0,3,0,2,2,3,1,16,9.0,22.7,27.2
20180928,hiratsuka,11,7,Åö,16,4,5,éRìc ófïΩ,41,30,94,4,1,3.93,106.20,7,0,0,6,4,2,7,5,4,19,20.0,34.2,45.7
20180928,hiratsuka,11,,,22,5,6,ìèï˚ éüòY,2,44,73,4,3,3.92,98.29,1,0,0,0,3,3,2,4,4,21,6.4,19.3,32.2
20180928,hiratsuka,11,9,,9,5,7,ñÿïÈ à¿óR,10,33,92,5,1,3.92,114.24,0,2,0,6,6,0,6,6,5,13,20.0,40.0,56.6
20180928,hiratsuka,11,,,21,6,8,éRçË è[âõ,13,44,79,4,3,3.92,100.04,0,0,0,0,2,1,0,3,6,13,0.0,13.6,40.9
20180928,hiratsuka,11,4,,15,6,9,‡Vìc ã`òa,28,45,69,5,3,3.92,106.96,0,0,0,0,2,2,2,2,3,24,6.4,12.9,22.5
20180928,gifu,1,6,,22,1,1,ì°ñÏ ãMèÕ,41,30,97,1,3,3.92,70.28,0,0,0,0,4,1,2,3,2,21,7.1,17.8,25.0
20180928,gifu,1,9,,17,2,2,è¨ñÏéõ óIëæ,7,31,97,1,2,3.86,73.63,3,10,4,1,2,0,2,5,5,18,6.6,23.3,40.0
20180928,gifu,1,7,,26,3,3,í|ñ{ óTéi,37,43,82,1,3,3.92,66.50,0,0,0,1,0,1,0,2,6,22,0.0,6.6,26.6
20180928,gifu,1,8,,25,4,4,ê¥êÖ ê≥êl,12,45,79,1,3,3.92,71.21,0,0,0,0,3,0,1,2,4,9,6.2,18.7,43.7
20180928,gifu,1,5,,16,5,5,ìcë∫ âpãP,36,43,78,1,2,3.86,68.56,0,10,10,0,1,0,9,2,2,19,28.1,34.3,40.6
20180928,gifu,1,,,28,6,6,ã{ìc íBñÁ,11,52,67,1,3,3.85,64.88,0,0,0,0,0,0,0,0,2,25,0.0,0.0,7.4
20180928,gifu,1,,,27,6,7,írìc ëÂï„,42,44,80,1,3,3.92,67.31,1,0,0,0,0,1,0,1,4,20,0.0,4.0,20.0
20180928,gifu,2,5,,24,1,1,ë∫èº èrñÌ,19,32,96,1,1,3.85,69.81,2,1,1,1,3,1,2,4,3,18,7.4,22.2,33.3
20180928,gifu,2,9,,11,2,2,ëæìc è´ê¨,4,22,113,1,2,3.92,77.44,3,8,7,5,1,0,10,3,3,2,55.5,72.2,88.8
20180928,gifu,2,6,,25,3,3,í“ñ{ åìés,28,48,66,1,3,3.69,70.00,1,0,0,0,1,4,0,5,6,16,0.0,18.5,40.7
20180928,gifu,2,7,,17,4,4,èºñ{ ëÙñÁ,28,34,95,1,2,3.92,72.33,3,4,3,2,1,1,3,4,3,17,11.1,25.9,37.0
20180928,gifu,2,,,26,5,5,ïΩâ™ ç_éi,14,39,86,1,3,3.93,66.45,1,0,0,0,2,0,1,1,1,17,5.0,10.0,15.0
20180928,gifu,2,,,27,6,6,ìcçË î¸ç≤ïv,19,51,65,1,3,3.92,65.93,0,0,0,0,1,1,1,1,2,11,6.6,13.3,26.6
20180928,gifu,2,8,,19,6,7,ñÿìc óLó≤,7,33,92,1,3,3.86,75.56,0,0,0,0,3,5,3,5,3,14,12.0,32.0,44.0
20180928,gifu,3,5,,19,1,1,éOâY ëÂãP,4,20,111,1,2,3.77,71.95,1,8,5,1,1,1,6,2,4,9,28.5,38.0,57.1
20180928,gifu,3,8,,19,2,2,êXéR èπè∫,40,47,67,1,3,3.85,75.39,1,0,0,0,3,3,2,4,9,18,6.0,18.1,45.4
20180928,gifu,3,6,,24,3,3,éOÉcà‰ ï◊,14,62,45,1,3,3.77,70.55,0,0,0,0,3,1,1,3,2,12,5.5,22.2,33.3
20180928,gifu,3,9,,11,4,4,éRå˚ ì÷ñÁ,41,20,113,1,2,3.92,77.84,0,9,7,4,0,0,9,2,0,3,64.2,78.5,78.5
20180928,gifu,3,,,27,5,5,çÇã¥ óRãL,10,39,88,1,3,3.92,65.50,0,0,0,0,0,1,0,1,3,15,0.0,5.2,21.0
20180928,gifu,3,,,27,6,6,ãﬂì° éûå[,33,44,76,1,3,3.71,64.80,0,0,0,0,0,1,0,1,1,19,0.0,4.7,9.5
20180928,gifu,3,7,,25,6,7,ñx åüê≥,43,40,81,1,3,3.86,68.71,0,0,0,1,3,0,2,2,2,23,6.8,13.7,20.6
20180928,gifu,4,9,,10,1,1,éRìc ó»,21,19,113,1,2,3.77,77.66,0,9,10,2,0,0,8,4,1,2,53.3,80.0,86.6
20180928,gifu,4,7,,27,2,2,ñÿë∫ åíéi,11,41,85,1,3,3.85,68.20,1,0,0,0,1,2,0,3,3,14,0.0,15.0,30.0
20180928,gifu,4,,,20,3,3,çÇìc îπêl,43,40,81,1,3,3.86,74.50,0,0,0,0,0,6,1,5,2,18,3.8,23.0,30.7
20180928,gifu,4,8,,23,4,4,ì©äÌ àÍîn,27,39,86,1,3,3.85,71.53,7,0,0,0,4,2,4,2,3,17,15.3,23.0,34.6
20180928,gifu,4,5,,20,5,5,à¢ãví√ ç_îV,10,35,94,1,2,3.85,69.38,1,8,6,1,2,0,5,4,4,23,13.8,25.0,36.1
20180928,gifu,4,,,26,6,6,ñÿìc èØëæòY,44,44,71,1,3,3.86,65.93,4,0,0,0,0,0,0,0,6,24,0.0,0.0,20.0
20180928,gifu,4,6,,26,6,7,ñˆ‡V íBñÁ,28,46,72,1,3,3.92,68.54,0,0,0,0,0,0,0,0,6,18,0.0,0.0,25.0
20180928,gifu,5,8,,24,1,1,å√âÆ çFàÍ,23,50,62,1,3,3.92,70.11,0,0,0,0,0,1,0,1,3,7,0.0,9.0,36.3
20180928,gifu,5,5,,21,2,2,â™ñÏ èáàÍ,33,50,61,1,3,3.85,72.57,0,0,0,0,2,4,1,5,4,11,4.7,28.5,47.6
20180928,gifu,5,6,,19,3,3,ïƒëq çÑéu,12,36,89,1,2,3.77,69.95,1,6,5,2,2,0,5,4,2,13,20.8,37.5,45.8
20180928,gifu,5,,,26,4,4,à…ì° ï∂èH,27,49,63,1,3,3.77,68.85,1,0,0,0,1,1,0,2,3,16,0.0,9.5,23.8
20180928,gifu,5,9,,13,5,5,ã¥ñ{ âpñÁ,21,24,113,1,2,3.71,78.77,0,5,5,2,0,1,6,2,1,0,66.6,88.8,100.0
20180928,gifu,5,,,28,6,6,í∑íJêÏ íCìø,11,37,89,1,1,3.77,66.17,0,0,0,0,2,1,1,2,1,20,4.1,12.5,16.6
20180928,gifu,5,7,,21,6,7,ç‚ñ{ íqç∆,33,40,82,1,3,3.92,72.50,0,3,2,0,3,3,3,5,3,13,12.5,33.3,45.8
20180928,gifu,6,7,,19,1,1,î—ìc ÇÊÇµÇÃ,13,28,106,L1,1,3.64,46.93,0,1,0,0,0,0,0,0,5,25,0.0,0.0,16.6
20180928,gifu,6,5,,18,2,2,î‰â√ ê^óúë„,47,29,114,L1,1,3.71,49.43,5,0,0,0,0,0,0,0,3,13,0.0,0.0,18.7
20180928,gifu,6,,,20,3,3,ì°å¥ àüàﬂó¢,15,37,102,L1,1,3.64,46.57,0,0,0,0,0,1,0,1,3,22,0.0,3.8,15.3
20180928,gifu,6,8,,15,4,4,ëùñŒ ÇÈÇÈÇ±,13,26,102,L1,1,3.71,51.95,4,3,0,4,2,3,3,6,5,10,12.5,37.5,58.3
20180928,gifu,6,,,20,5,5,í÷ñ{ ç_éq,38,33,114,L1,1,3.71,45.38,0,0,0,0,0,0,0,0,2,19,0.0,0.0,9.5
20180928,gifu,6,6,,20,6,6,î~ìc ó[ãM,18,31,108,L1,1,3.79,45.62,0,2,0,1,0,0,1,0,1,26,3.5,3.5,7.1
20180928,gifu,6,9,,15,6,7,óÈñÿ ìﬁâõ,22,21,110,L1,1,3.71,54.00,0,0,0,1,0,1,1,1,1,3,16.6,33.3,50.0
20180928,gifu,7,8,,17,1,1,ëÂíJ à«ìﬁ,23,22,110,L1,1,3.69,50.93,4,0,0,1,2,6,1,8,6,16,3.2,29.0,48.3
20180928,gifu,7,,,19,2,2,ê¬ñÿ î¸óD,9,24,106,L1,1,3.64,46.00,3,0,0,0,0,1,0,1,3,24,0.0,3.5,14.2
20180928,gifu,7,5,,17,3,3,ìcíá ì÷éq,43,33,104,L1,1,3.71,49.57,1,1,0,2,2,2,1,5,5,17,3.5,21.4,39.2
20180928,gifu,7,7,,19,4,4,éRñ{ ìﬁím,12,32,106,L1,1,3.71,47.66,0,0,0,0,0,0,0,0,1,2,0.0,0.0,33.3
20180928,gifu,7,6,,19,5,5,ì°ä™ äGó¢â¿,7,23,110,L1,1,3.64,46.23,3,1,0,1,0,1,0,2,1,19,0.0,9.0,13.6
20180928,gifu,7,9,,8,6,6,ç≤ì° êÖçÿ,14,19,114,L1,1,3.79,55.57,0,10,9,5,0,1,11,4,2,3,55.0,75.0,85.0
20180928,gifu,7,,,20,6,7,ìcíÜ êÁêq,23,20,114,L1,1,3.69,44.60,0,0,0,0,0,0,0,0,0,15,0.0,0.0,0.0
20180928,gifu,8,,,19,1,1,‚Vì° èü,34,57,53,2,3,3.93,84.53,0,0,0,0,5,0,3,2,6,17,10.7,17.8,39.2
20180928,gifu,8,5,,14,2,2,éRìc èÉñÁ,21,29,99,3,2,3.92,86.88,0,10,3,5,2,1,5,6,2,14,18.5,40.7,48.1
20180928,gifu,8,8,,13,3,3,ìnï” ëÂçÑ,26,28,100,3,2,3.92,83.75,0,12,5,3,0,0,4,4,1,20,13.7,27.5,31.0
20180928,gifu,8,4,,17,4,4,à¢ïî çO,39,37,99,3,1,3.85,82.06,0,4,2,1,0,0,2,1,0,12,13.3,20.0,20.0
20180928,gifu,8,6,,20,4,5,å¸à‰ óTãIçO,21,38,98,2,3,3.83,84.53,2,0,0,0,5,3,1,7,4,20,3.1,25.0,37.5
20180928,gifu,8,,,21,5,6,ëÂà‰ å[ê¢,29,53,58,3,3,3.86,80.00,0,0,0,0,1,0,0,1,0,3,0.0,25.0,25.0
20180928,gifu,8,7,,16,5,7,çïìc ëÂâÓ,38,44,77,3,3,3.83,88.62,0,0,0,0,5,5,5,5,7,15,15.6,31.2,53.1
20180928,gifu,8,,,22,6,8,éRñ{ êWïΩ,23,39,83,2,3,3.85,80.63,0,0,0,0,0,0,0,0,2,20,0.0,0.0,9.0
20180928,gifu,8,9,,15,6,9,ñÿë∫ íºó≤,28,40,86,3,3,3.86,89.33,2,0,0,0,11,1,8,4,2,13,29.6,44.4,51.8
20180928,gifu,9,6,,19,1,1,ä£ èØïΩ,25,31,95,2,3,3.92,85.13,1,0,0,0,4,4,2,6,2,20,6.6,26.6,33.3
20180928,gifu,9,9,,15,2,2,åäà‰ óòãv,40,48,65,3,3,3.92,89.33,1,0,0,0,4,3,3,4,3,15,12.0,28.0,40.0
20180928,gifu,9,7,,16,3,3,èZë∫ é¿,36,42,82,3,3,3.92,88.17,1,0,0,0,3,5,2,6,2,19,6.8,27.5,34.4
20180928,gifu,9,,,21,4,4,êÖñ{ îéçs,33,43,78,2,3,3.85,81.63,0,0,0,0,0,1,0,1,3,26,0.0,3.3,13.3
20180928,gifu,9,4,,20,4,5,êÂêŒ è~,25,45,73,2,3,3.92,82.59,4,0,0,0,3,1,2,2,5,18,7.4,14.8,33.3
20180928,gifu,9,,,23,5,6,â™ìc ëÂñÂ,23,37,87,2,1,3.92,75.11,2,6,3,2,1,0,4,2,1,28,11.4,17.1,20.0
20180928,gifu,9,5,,12,5,7,â™ìà ìo,27,33,99,2,2,3.92,83.19,1,14,8,1,0,0,5,4,1,22,15.6,28.1,31.2
20180928,gifu,9,,,21,6,8,é·å¥ âpêL,21,46,68,2,3,3.92,80.83,0,0,0,0,1,2,1,2,2,25,3.3,10.0,16.6
20180928,gifu,9,8,,9,6,9,ãõâÆ é¸ê¨,44,28,99,3,2,3.92,88.92,1,12,6,6,1,0,12,1,3,11,44.4,48.1,59.2
20180928,gifu,10,5,,17,1,1,çÏìc âxèÕ,36,36,92,2,1,3.92,87.66,9,1,0,0,5,4,2,7,4,17,6.6,30.0,43.3
20180928,gifu,10,9,,10,2,2,ìcì™ ä∞îV,26,30,109,2,2,3.93,89.81,0,14,6,2,0,0,4,4,4,15,14.8,29.6,44.4
20180928,gifu,10,7,,18,3,3,ëÍêÏ èGék,23,45,71,2,3,3.92,84.90,0,0,0,0,4,2,4,2,4,21,12.9,19.3,32.2
20180928,gifu,10,6,,16,4,4,èüïî ãMîé,40,29,105,2,2,3.86,81.76,0,10,4,0,0,0,2,2,0,10,14.2,28.5,28.5
20180928,gifu,10,4,,20,4,5,ëÂêÏ âhìÒ,30,45,70,2,3,3.86,82.91,4,0,0,0,4,0,4,0,5,25,11.7,11.7,26.4
20180928,gifu,10,,,20,5,6,à…ì° â√ç_,21,41,79,2,1,3.92,76.20,1,15,6,1,1,0,4,4,4,23,11.4,22.8,34.2
20180928,gifu,10,8,,16,5,7,ç≤ì° ê¨êl,29,44,71,3,3,3.85,89.51,1,0,0,0,6,2,5,3,5,14,18.5,29.6,48.1
20180928,gifu,10,,,23,6,8,‚Eìc ã`ë•,43,49,63,2,3,3.85,79.54,0,0,0,0,0,1,0,1,3,20,0.0,4.1,16.6
20180928,gifu,10,,,20,6,9,ê‘èº êΩàÍ,39,50,61,2,3,3.85,83.58,0,0,0,0,0,0,0,0,6,23,0.0,0.0,20.6
20180928,gifu,11,9,,6,1,1,èºâ™ êWîTâÓ,21,22,109,2,2,3.85,92.10,0,15,12,7,1,0,15,5,0,10,50.0,66.6,66.6
20180928,gifu,11,6,,19,2,2,íÜ‡V çFîV,27,53,56,3,3,3.92,84.74,0,0,0,0,2,3,0,5,4,18,0.0,18.5,33.3
20180928,gifu,11,7,,19,3,3,îíêÏ óLéi,40,44,76,2,3,3.93,84.21,0,1,0,0,1,5,1,5,7,20,3.0,18.1,39.3
20180928,gifu,11,,,24,4,4,í“ñ{ íBñÓ,27,38,99,2,3,3.86,78.54,0,0,0,0,1,3,0,4,3,26,0.0,12.1,21.2
20180928,gifu,11,5,,15,4,5,ìÏïî ó∫ëæ,42,34,93,3,1,3.92,86.65,0,5,2,9,0,1,9,3,0,20,28.1,37.5,37.5
20180928,gifu,11,,,28,5,6,éRñ{ êíéu,44,42,77,2,3,3.85,72.88,1,0,0,0,1,0,0,1,1,24,0.0,3.8,7.6
20180928,gifu,11,8,,15,5,7,éƒìc óSñÁ,21,34,94,3,1,3.92,89.86,1,0,0,0,3,2,3,2,0,10,20.0,33.3,33.3
20180928,gifu,11,,,21,6,8,íÜêÏ î…é˜,26,32,93,2,2,3.93,77.73,2,4,1,0,0,0,0,1,2,23,0.0,3.8,11.5
20180928,gifu,11,4,,18,6,9,ãgñÏ ñ“,23,45,74,2,3,3.92,86.23,4,0,0,0,4,0,1,3,7,19,3.3,13.3,36.6
20180928,gifu,12,,,13,1,1,à¿ìå çGçÇ,44,36,90,3,3,3.92,95.66,0,0,0,0,6,4,6,4,5,3,33.3,55.5,83.3
20180928,gifu,12,5,,7,2,2,ï–â™ ÁåîV,33,31,93,3,2,3.92,96.40,2,8,5,8,5,1,12,7,0,11,40.0,63.3,63.3
20180928,gifu,12,9,,3,3,3,ãgìc ñŒê∂,21,28,98,3,2,3.92,99.09,1,15,7,7,0,0,8,6,2,6,36.3,63.6,72.7
20180928,gifu,12,6,,11,4,4,çDâi çW,41,27,98,3,1,3.85,93.79,0,4,0,4,3,2,5,4,4,17,16.6,30.0,43.3
20180928,gifu,12,,,12,4,5,ãvïƒ ó«,36,30,96,3,3,3.92,95.51,0,0,0,0,10,5,5,10,5,7,18.5,55.5,74.0
20180928,gifu,12,4,,14,5,6,ïÙèd óSîVâÓ,33,28,100,3,1,3.92,90.66,6,1,0,2,4,1,5,2,1,13,23.8,33.3,38.0
20180928,gifu,12,,,13,5,7,î™êq âpï„,40,38,89,3,1,3.92,94.52,0,0,0,2,6,5,5,8,1,8,22.7,59.0,63.6
20180928,gifu,12,8,,14,6,8,ïûïî ó≥ìÒ,23,47,76,3,3,3.86,92.00,3,0,0,0,2,1,1,2,2,26,3.2,9.6,16.1
20180928,gifu,12,7,,13,6,9,è¨ó— çOòa,41,35,91,3,3,3.85,94.11,0,0,0,0,9,1,5,5,2,14,19.2,38.4,46.1
20180928,toyama,1,8,,19,1,1,çÇã¥ ã`èH,44,31,96,2,1,3.85,82.40,0,4,0,1,3,0,1,3,3,20,3.7,14.8,25.9
20180928,toyama,1,4,,23,2,2,êÚíJ íºç∆,28,36,94,2,3,3.92,80.11,1,0,0,0,0,0,0,0,1,17,0.0,0.0,5.5
20180928,toyama,1,,,20,3,3,éRå¥ óòèG,39,49,63,2,3,3.92,82.29,0,0,0,1,2,1,2,2,1,12,11.7,23.5,29.4
20180928,toyama,1,5,,21,4,4,êŒíÂ óLäÓ,28,32,100,2,2,3.92,78.56,0,8,0,3,1,0,2,2,0,26,6.6,13.3,13.3
20180928,toyama,1,6,,23,4,5,‡VãT ç_éi,40,50,60,2,3,3.77,78.80,0,0,0,0,0,1,0,1,0,20,0.0,4.7,4.7
20180928,toyama,1,,,25,5,6,éuë∫ íBñÁ,34,46,71,2,3,3.92,74.91,1,2,0,0,0,0,0,0,0,36,0.0,0.0,0.0
20180928,toyama,1,9,,20,5,7,ëqâ™ êTëæòY,43,50,59,2,3,3.85,83.00,3,0,0,0,2,3,2,3,3,22,6.6,16.6,26.6
20180928,toyama,1,,,24,6,8,éƒìc èπé˜,23,43,79,2,1,3.92,77.37,0,0,0,0,0,0,0,0,2,25,0.0,0.0,7.4
20180928,toyama,1,7,,20,6,9,êÏçË óm,33,46,69,2,3,3.92,83.22,1,0,0,0,1,2,0,3,2,22,0.0,11.1,18.5
20180928,toyama,2,8,,20,1,1,â‘ë∫ íºêl,24,48,71,2,1,3.92,82.79,2,5,1,2,2,2,3,4,4,18,10.3,24.1,37.9
20180928,toyama,2,4,,19,2,2,ìøä€ ë◊ã≥,28,32,95,2,3,3.92,83.67,1,0,0,1,2,0,2,1,3,25,6.4,9.6,19.3
20180928,toyama,2,5,,18,3,3,ç≤ÅXñÿ ç_éO,41,56,50,3,3,3.93,83.69,0,0,0,0,5,0,3,2,6,12,13.0,21.7,47.8
20180928,toyama,2,,,23,4,4,êÛå© ïqñÁ,23,48,65,2,3,3.92,78.78,1,0,0,0,0,2,0,2,5,26,0.0,6.0,21.2
20180928,toyama,2,7,,20,4,5,éRèo óTçK,18,35,90,2,3,3.92,81.87,3,2,1,2,1,2,1,5,0,18,4.1,25.0,25.0
20180928,toyama,2,,,22,5,6,ë∫è„ ê¥ó≤,35,54,53,3,3,3.85,76.50,0,0,0,0,0,0,0,0,1,17,0.0,0.0,5.5
20180928,toyama,2,9,,18,5,7,ï\ ëÂã≈,16,43,82,2,3,3.86,86.40,1,0,0,0,6,2,4,4,5,17,13.3,26.6,43.3
20180928,toyama,2,6,,22,6,8,ì°çË óDãP,40,35,95,2,2,3.92,76.83,0,9,1,2,1,0,3,1,2,18,12.5,16.6,25.0
20180928,toyama,2,,,22,6,9,ó— èCïΩ,27,35,99,2,3,3.92,78.93,0,1,0,0,0,4,0,4,1,25,0.0,13.3,16.6
20180928,toyama,3,8,,10,1,1,è¨èo êTñÁ,30,27,109,3,2,3.93,89.33,0,23,8,5,0,0,6,7,3,17,18.1,39.3,48.4
20180928,toyama,3,,,18,2,2,ìcíÜ çOèÕ,40,46,68,3,3,3.85,86.70,0,0,0,0,6,2,2,6,3,16,7.4,29.6,40.7
20180928,toyama,3,4,,19,3,3,ã¥ñ{ íââÑ,39,53,53,2,3,3.92,85.29,0,0,0,0,2,1,1,2,5,23,3.2,9.6,25.8
20180928,toyama,3,7,,20,4,4,óLîn óYìÒ,29,36,90,2,3,3.92,83.66,2,0,0,0,4,0,3,1,4,22,10.0,13.3,26.6
20180928,toyama,3,5,,12,4,5,äãêº óYëæòY,38,39,85,3,2,3.92,85.84,1,13,5,6,1,0,8,4,4,17,24.2,36.3,48.4
20180928,toyama,3,,,20,5,6,ìcíÜ ómï„,45,38,84,2,1,3.85,82.16,0,0,0,0,0,2,0,2,5,24,0.0,6.4,22.5
20180928,toyama,3,9,,13,5,7,íÜêÏ îéï∂,18,50,61,3,3,3.92,93.33,0,0,0,0,7,1,6,2,2,14,25.0,33.3,41.6
20180928,toyama,3,,,17,6,8,è¨êÏ ëÂín,23,28,98,2,1,3.92,82.73,9,4,1,1,0,1,0,3,0,17,0.0,15.0,15.0
20180928,toyama,3,6,,16,6,9,à‰è„ è´éu,40,31,98,3,1,3.92,85.22,1,1,1,1,3,0,4,1,3,16,16.6,20.8,33.3
20180928,toyama,4,7,,13,1,1,âúèo ó«,17,24,109,3,2,3.86,85.06,3,16,6,1,1,0,6,2,4,17,20.6,27.5,41.3
20180928,toyama,4,9,,12,2,2,î—íÀ îπêl,41,30,95,3,1,3.92,91.51,0,5,2,4,2,1,6,3,5,13,22.2,33.3,51.8
20180928,toyama,4,4,,13,3,3,ìcë∫ ïóãN,29,23,107,3,2,3.85,85.66,1,11,3,3,1,0,4,3,3,17,14.8,25.9,37.0
20180928,toyama,4,,Åö,21,4,4,ä€ó— àÍçF,40,41,81,2,3,3.92,82.08,0,0,0,0,2,2,1,3,2,18,4.1,16.6,25.0
20180928,toyama,4,6,,16,4,5,ïÛñû ëÂçÏ,21,38,85,3,3,3.92,87.36,0,0,0,0,0,3,0,3,4,15,0.0,13.6,31.8
20180928,toyama,4,,,21,5,6,íÜéR åhëæòY,43,29,100,2,1,3.92,81.50,0,3,0,3,3,0,4,2,3,19,14.2,21.4,32.1
20180928,toyama,4,5,,15,5,7,ëPóò óTê∂,25,41,82,3,1,3.92,87.06,3,5,0,7,2,1,4,6,2,17,13.7,34.4,41.3
20180928,toyama,4,,,20,6,8,ñ{ë∫ ó≤ï∂,21,39,81,2,1,3.92,82.00,0,0,0,1,1,0,0,2,3,11,0.0,12.5,31.2
20180928,toyama,4,8,,17,6,9,éRçË äxéu,41,45,74,2,3,3.92,87.25,0,0,0,1,4,3,3,5,2,17,11.1,29.6,37.0
20180928,toyama,5,9,,15,1,1,è„êÅâz íºé˜,46,36,86,3,1,3.92,90.07,0,1,1,2,1,1,4,1,2,20,14.8,18.5,25.9
20180928,toyama,5,5,,14,2,2,ì°à‰ èÄñÁ,21,24,105,3,2,3.92,87.62,0,9,5,3,1,0,8,1,0,15,33.3,37.5,37.5
20180928,toyama,5,,,16,3,3,ã‡éq ç_ãM,26,32,95,3,3,3.92,85.71,1,1,0,0,1,2,0,3,1,12,0.0,18.7,25.0
20180928,toyama,5,,,20,4,4,íÜë∫ åıãg,24,51,60,2,3,3.93,81.22,0,0,0,0,0,1,0,1,1,25,0.0,3.7,7.4
20180928,toyama,5,7,,17,4,5,ìcíÜ èrè[,18,43,76,3,3,3.92,89.96,4,0,0,0,7,4,5,6,2,15,17.8,39.2,46.4
20180928,toyama,5,8,,10,5,6,ë]â‰ å\óC,43,24,113,2,2,3.92,78.86,0,8,7,2,1,3,10,3,2,0,66.6,86.6,100.0
20180928,toyama,5,4,,20,5,7,éOâY ñı,21,53,53,3,3,3.85,82.89,0,0,0,0,3,0,3,0,5,20,10.7,10.7,28.5
20180928,toyama,5,,,17,6,8,ãgìc ìƒéj,29,30,109,2,2,3.85,79.37,3,15,4,2,2,0,5,3,3,16,18.5,29.6,40.7
20180928,toyama,5,6,,17,6,9,â¡ì° ëÂï„,44,39,87,3,1,3.92,87.66,1,0,0,0,4,4,4,4,5,17,13.3,26.6,43.3
20180928,toyama,6,5,,24,1,1,îãå¥ ëÄ,24,55,51,4,3,3.92,97.21,1,0,0,0,1,0,0,1,1,21,0.0,4.3,8.6
20180928,toyama,6,,,22,2,2,è¨ã{ çÑ,13,42,82,4,3,3.92,99.77,0,0,0,0,0,3,0,3,4,15,0.0,13.6,31.8
20180928,toyama,6,9,,20,3,3,ëÂñÏ åÂòY,44,38,83,4,1,3.69,99.00,2,0,0,7,2,0,6,3,1,16,23.0,34.6,38.4
20180928,toyama,6,,,25,4,4,íÜà‰ åÏ,25,44,74,4,3,3.85,92.17,0,0,0,0,4,0,2,2,2,28,5.8,11.7,17.6
20180928,toyama,6,8,,23,5,5,êºë∫ åıëæ,24,32,96,4,1,3.92,99.85,0,0,0,1,2,2,1,4,0,17,4.5,22.7,22.7
20180928,toyama,6,7,,26,6,6,óßêŒ ëÒñÁ,40,44,72,4,1,3.93,90.69,0,0,0,1,1,0,0,2,4,21,0.0,7.4,22.2
20180928,toyama,6,6,,25,6,7,ç≤ì° òaìT,14,47,70,4,3,3.93,93.60,2,0,0,0,4,2,3,3,3,19,10.7,21.4,32.1
20180928,toyama,7,,,25,1,1,éÁà¿ ê≠óY,33,40,94,4,3,3.92,94.41,1,0,0,0,1,0,1,0,10,20,3.2,3.2,35.4
20180928,toyama,7,6,,21,2,2,ãgìc óEêl,11,39,86,4,3,3.92,96.60,1,0,0,0,2,1,1,2,2,19,4.1,12.5,20.8
20180928,toyama,7,9,,23,3,3,à…å¥ çOçK,18,33,90,4,3,3.93,97.10,4,0,0,1,1,2,1,3,6,20,3.3,13.3,33.3
20180928,toyama,7,,,23,4,4,êŒíÀ çFçK,14,38,89,4,3,3.92,95.58,2,0,0,0,1,1,1,1,0,15,5.8,11.7,11.7
20180928,toyama,7,8,,21,5,5,êŒå˚ åcëΩ,28,29,103,4,2,3.92,93.72,0,11,3,1,0,0,2,2,4,17,8.0,16.0,32.0
20180928,toyama,7,7,,24,6,6,ëÂíÎ ê≥ãI,16,48,70,4,3,3.92,92.96,1,0,0,0,1,0,1,0,4,26,3.2,3.2,16.1
20180928,toyama,7,5,,20,6,7,è¨è¿ ó«,11,47,68,4,3,3.92,100.63,3,0,0,1,3,1,4,1,7,25,10.8,13.5,32.4
20180928,toyama,8,8,,14,1,1,é™ìc âpïF,12,35,93,4,2,3.92,101.33,3,15,4,6,0,0,8,2,3,18,25.8,32.2,41.9
20180928,toyama,8,6,,22,2,2,ç≤ñÏ î~àÍ,26,42,78,4,1,3.92,99.37,1,0,0,0,2,1,2,1,7,20,6.6,10.0,33.3
20180928,toyama,8,7,,22,3,3,çáéu ê≥êb,43,41,81,5,3,3.92,104.08,3,0,0,0,1,2,0,3,5,18,0.0,11.5,30.7
20180928,toyama,8,,,19,4,4,êÚíJ å≥é˜,23,29,101,4,2,3.92,95.73,0,16,3,1,0,0,3,1,3,19,11.5,15.3,26.9
20180928,toyama,8,5,,17,4,5,î™íJ êΩå´,40,43,77,4,2,3.92,97.50,1,8,4,5,0,0,4,5,2,16,14.8,33.3,40.7
20180928,toyama,8,,,24,5,6,ã‡‡V çKéi,7,33,91,4,2,3.93,90.70,0,1,0,0,0,0,0,0,1,18,0.0,0.0,5.2
20180928,toyama,8,4,,20,5,7,êºñ{ íºëÂ,27,35,92,4,2,3.92,96.29,0,4,0,2,1,0,2,1,0,24,7.4,11.1,11.1
20180928,toyama,8,,,24,6,8,óLâÍ çÇém,17,49,61,4,3,3.92,95.69,1,0,0,0,0,0,0,0,2,22,0.0,0.0,8.3
20180928,toyama,8,9,,15,6,9,äCòVç™ åbëæ,12,41,86,5,1,3.92,108.14,1,0,0,2,4,1,4,3,3,18,14.2,25.0,35.7
20180928,toyama,9,8,,14,1,1,ä⁄ ë◊éÁ,23,42,80,3,3,3.92,91.96,6,0,0,2,2,4,2,6,4,18,6.6,26.6,40.0
20180928,toyama,9,5,Åö,14,2,2,ïüìá âhàÍ,37,34,93,3,3,3.93,93.09,4,0,0,0,1,2,1,2,2,17,4.5,13.6,22.7
20180928,toyama,9,,,13,3,3,êºíJ äxï∂,26,39,93,3,2,3.93,90.00,0,6,1,11,0,0,8,4,1,11,33.3,50.0,54.1
20180928,toyama,9,,,16,4,4,éRìc âÎîV,21,45,72,3,3,3.92,88.73,3,0,0,0,7,3,5,5,1,19,16.6,33.3,36.6
20180928,toyama,9,4,,14,4,5,ò@à‰ óSãP,37,35,93,3,3,3.92,91.45,2,0,0,0,5,4,4,5,1,13,17.3,39.1,43.4
20180928,toyama,9,,,18,5,6,éRñ{ çGñæ,36,40,83,3,3,3.92,85.23,1,0,0,0,0,2,0,2,5,20,0.0,7.4,25.9
20180928,toyama,9,9,,9,5,7,í|‡V ç_éi,16,37,90,3,2,3.92,93.48,1,8,4,4,0,0,5,3,4,15,18.5,29.6,44.4
20180928,toyama,9,6,,12,6,8,ñ{ãΩ óYéO,43,30,99,3,1,3.85,88.57,4,3,2,6,2,0,8,2,2,14,30.7,38.4,46.1
20180928,toyama,9,7,,12,6,9,ìcíÜ óEìÒ,33,30,95,3,1,3.92,93.13,4,5,1,3,5,2,6,5,5,14,20.0,36.6,53.3
20180928,toyama,10,8,,15,1,1,ç‚ñ{ ãMéj,2,29,94,5,2,3.92,107.58,5,3,0,6,1,1,4,4,4,17,13.7,27.5,41.3
20180928,toyama,10,4,,19,2,2,éRâ∫ ìn,8,35,91,5,3,3.85,101.68,3,0,0,0,4,1,2,3,0,24,6.8,17.2,17.2
20180928,toyama,10,7,,15,3,3,åIéR èrâÓ,29,30,103,5,2,3.92,102.43,0,8,2,4,0,1,3,4,1,16,12.5,29.1,33.3
20180928,toyama,10,,,20,4,4,çÇä‘ óIïΩ,18,30,95,5,3,3.92,97.54,4,0,0,0,3,2,1,4,3,18,3.8,19.2,30.7
20180928,toyama,10,6,,19,4,5,éOÉcêŒ çNóm,36,38,86,4,1,3.92,99.78,2,1,1,0,5,0,6,0,3,20,20.6,20.6,31.0
20180928,toyama,10,,,26,5,6,çÇìc ê^çK,40,40,83,4,1,3.92,89.81,2,1,0,1,0,0,0,1,1,25,0.0,3.7,7.4
20180928,toyama,10,9,,15,5,7,ïüìc ímñÁ,14,36,88,4,1,3.92,107.71,2,2,0,4,7,5,8,8,4,12,25.0,50.0,62.5
20180928,toyama,10,,,24,6,8,óÈñÿ å™ìÒ,13,33,97,4,2,3.93,91.00,1,10,0,1,0,0,0,1,4,30,0.0,2.8,14.2
20180928,toyama,10,5,,18,6,9,ëÂêº óS,37,31,91,4,2,3.92,100.04,2,3,0,6,0,1,3,4,2,16,12.0,28.0,36.0
20180928,toyama,11,7,,13,1,1,éuíq èrïv,21,46,70,5,3,3.93,110.62,1,0,0,1,5,3,4,5,6,20,11.4,25.7,42.8
20180928,toyama,11,9,,13,2,2,è¨èºçË ëÂín,7,36,99,5,2,3.92,108.41,2,5,1,3,2,0,1,5,4,15,4.0,24.0,40.0
20180928,toyama,11,4,,17,3,3,ê¨ìc åíéô,14,43,75,5,3,3.93,106.96,0,0,0,0,2,4,1,5,4,16,3.8,23.0,38.4
20180928,toyama,11,6,,12,4,4,êŒíÀ ó÷ëæòY,30,24,105,5,2,3.93,105.44,0,16,2,1,0,1,2,2,1,20,8.0,16.0,20.0
20180928,toyama,11,8,,13,4,5,òaìc å\,4,32,92,5,3,3.92,110.38,0,0,0,0,4,0,2,2,2,17,8.6,17.3,26.0
20180928,toyama,11,,,20,5,6,ê{âi óDëæ,7,30,94,4,2,3.92,100.55,2,0,0,1,2,1,2,2,3,14,9.5,19.0,33.3
20180928,toyama,11,5,,14,5,7,ìåå˚ ëPï¸,30,39,85,5,3,3.92,108.64,1,0,0,2,5,2,4,5,3,23,11.4,25.7,34.2
20180928,toyama,11,,,20,6,8,ç≤ì° òañÁ,2,38,95,4,1,3.92,100.65,4,0,0,1,2,3,2,4,6,14,7.6,23.0,46.1
20180928,toyama,11,,Åö,16,6,9,éRå˚ ïxê∂,21,48,68,4,3,3.92,105.63,0,0,0,0,5,2,3,4,3,13,13.0,30.4,43.4
20180928,komatsushima,1,,,28,1,1,ã´ îéï∂,43,53,53,1,3,3.86,65.90,0,0,0,0,0,0,0,0,1,10,0.0,0.0,9.0
20180928,komatsushima,1,9,,16,2,2,ãgèº å´ìÒ,10,32,90,1,1,3.85,74.00,0,2,1,3,12,5,12,9,0,8,41.3,72.4,72.4
20180928,komatsushima,1,6,,28,3,3,ã¥ë∫ ñ@íj,34,47,71,1,3,3.85,65.26,0,0,0,0,1,0,1,0,1,21,4.3,4.3,8.6
20180928,komatsushima,1,5,,26,4,4,ä€éR íCíj,43,48,66,1,3,3.85,68.56,0,0,0,1,1,0,1,1,6,17,4.0,8.0,32.0
20180928,komatsushima,1,8,,26,5,5,ç◊êÏ èGèü,22,54,58,1,3,3.93,68.19,0,0,0,0,3,2,2,3,1,15,9.5,23.8,28.5
20180928,komatsushima,1,,,28,6,6,è¨àÈ êLàÍ,7,57,47,1,3,3.85,64.11,2,0,0,0,1,0,0,1,2,23,0.0,3.8,11.5
20180928,komatsushima,1,7,,23,6,7,ìcíÜ âhéü,33,51,66,1,3,3.77,69.95,0,0,0,0,0,0,0,0,3,17,0.0,0.0,15.0
20180928,komatsushima,2,5,,26,1,1,óÈñÿ åí,11,40,84,1,1,3.92,66.15,5,3,1,1,0,1,1,2,4,19,3.8,11.5,26.9
20180928,komatsushima,2,9,,24,2,2,ëOìc ãgè∫,17,36,101,1,2,3.92,68.35,0,2,1,1,0,0,1,1,0,13,6.6,13.3,13.3
20180928,komatsushima,2,,,27,3,3,íÜêÏ îééi,43,43,78,1,3,3.77,65.68,0,0,0,0,2,1,0,3,2,17,0.0,13.6,22.7
20180928,komatsushima,2,,,27,4,4,ëÍëÚ èC,11,54,56,1,3,3.85,66.83,5,0,0,0,0,3,0,3,3,24,0.0,10.0,20.0
20180928,komatsushima,2,7,,26,5,5,ç°ë∫ çNéu,40,49,66,1,3,3.85,69.66,2,0,0,0,2,1,2,1,6,18,7.4,11.1,33.3
20180928,komatsushima,2,6,,28,6,6,ìõà‰ åöéü,10,51,64,1,3,3.93,64.93,0,0,0,0,0,1,0,1,3,25,0.0,3.4,13.7
20180928,komatsushima,2,8,,27,6,7,êÏçË ê≥îé,42,51,64,1,3,3.85,66.67,0,0,0,0,3,0,2,1,5,20,7.1,10.7,28.5
20180928,komatsushima,3,,,24,1,1,ì°ìc ìƒ,1,50,61,1,3,3.85,71.50,1,0,0,0,1,1,1,1,3,8,7.6,15.3,38.4
20180928,komatsushima,3,5,,18,2,2,ÉâÉÇÉX ÉåÉI,47,21,113,1,2,3.77,74.25,0,5,3,1,1,0,4,1,3,4,33.3,41.6,66.6
20180928,komatsushima,3,7,,26,3,3,ìÒíÀ ê≥óT,11,53,53,1,3,3.86,67.10,0,0,0,0,0,1,0,1,3,16,0.0,5.0,20.0
20180928,komatsushima,3,6,,18,4,4,ñ˜â∫ íºãP,1,30,95,1,2,3.85,69.10,7,8,2,3,0,1,4,2,4,9,21.0,31.5,52.6
20180928,komatsushima,3,9,,13,5,5,óÈñÿ ãPëÂ,13,23,113,1,2,3.85,78.33,3,6,5,4,0,3,8,4,2,1,53.3,80.0,93.3
20180928,komatsushima,3,,,27,6,6,óéçá ñL,8,47,69,1,3,3.85,65.59,0,0,0,0,0,1,0,1,1,20,0.0,4.5,9.0
20180928,komatsushima,3,8,,14,6,7,èºñ{ è[ê∂,38,40,94,1,1,3.93,75.51,6,8,4,7,5,3,11,8,2,6,40.7,70.3,77.7
20180928,komatsushima,4,9,,14,1,1,ç≤éR ä∞ñæ,25,31,113,1,2,3.85,76.73,0,6,5,5,0,0,8,2,1,4,53.3,66.6,73.3
20180928,komatsushima,4,,,25,2,2,è¨ó— óTéi,12,47,71,1,3,3.85,68.92,1,0,0,0,3,4,2,5,0,20,7.4,25.9,25.9
20180928,komatsushima,4,7,,24,3,3,éséR ñFçG,36,45,71,1,3,3.92,69.16,2,0,0,0,2,0,1,1,8,14,4.1,8.3,41.6
20180928,komatsushima,4,8,,16,4,4,è„ñÏ óDëæ,43,21,113,1,2,3.77,73.33,2,9,5,1,2,1,6,3,2,7,33.3,50.0,61.1
20180928,komatsushima,4,6,,25,5,5,êÏñ{ ó≤éj,33,41,80,1,3,3.92,68.66,2,3,1,1,3,3,1,7,6,16,3.3,26.6,46.6
20180928,komatsushima,4,,,24,6,6,à…ãΩ ÉfÉjÉX,14,41,82,1,1,3.92,67.35,0,1,0,0,2,2,1,3,1,23,3.5,14.2,17.8
20180928,komatsushima,4,5,,20,6,7,ç≤ì° óTãP,7,27,98,1,2,3.85,74.29,1,1,0,2,5,0,4,3,3,14,16.6,29.1,41.6
20180928,komatsushima,5,7,,19,1,1,ìcë∫ óTñÁ,36,23,113,1,2,3.92,70.30,0,10,4,0,0,0,2,2,2,8,14.2,28.5,42.8
20180928,komatsushima,5,8,,20,2,2,ñkêÏ íqîé,25,50,61,1,3,3.69,74.08,3,0,0,2,2,3,2,5,4,14,8.0,28.0,44.0
20180928,komatsushima,5,5,,16,3,3,ä÷ç™ êíêl,7,31,94,1,2,3.85,76.66,5,4,1,4,4,1,4,6,2,12,16.6,41.6,50.0
20180928,komatsushima,5,,,20,4,4,ìcë∫ åıè∫,34,47,67,1,3,3.85,74.00,0,0,0,0,2,5,2,5,0,19,7.6,26.9,26.9
20180928,komatsushima,5,9,,12,5,5,ãgêÏ óEãC,17,27,109,1,2,3.85,79.00,0,14,13,1,1,0,8,7,0,8,34.7,65.2,65.2
20180928,komatsushima,5,,,26,6,6,ë∫ìc êm,8,53,58,1,3,3.92,66.29,0,0,0,0,2,0,1,1,2,13,5.8,11.7,23.5
20180928,komatsushima,5,6,,24,6,7,ç≤ì° ëÒç∆,4,49,63,1,3,3.86,69.51,0,1,0,0,3,7,3,7,5,14,10.3,34.4,51.7
20180928,komatsushima,6,6,,19,1,1,îÛå˚ à∫ìy,13,30,96,2,2,3.92,81.08,1,5,1,1,2,0,0,4,4,16,0.0,16.6,33.3
20180928,komatsushima,6,8,,20,2,2,çsê¨ ëÂóS,37,43,80,2,3,3.92,83.50,1,0,0,0,3,1,0,4,5,23,0.0,12.5,28.1
20180928,komatsushima,6,5,,16,3,3,ésñ{ ó≤éi,34,47,72,3,3,3.92,89.79,0,0,0,2,6,1,5,4,4,11,20.8,37.5,54.1
20180928,komatsushima,6,,,22,4,4,êŒà‰ âÎìT,12,47,68,2,3,3.85,79.12,0,0,0,0,0,1,0,1,2,22,0.0,4.0,12.0
20180928,komatsushima,6,9,,14,4,5,ì°å¥ óIìl,33,32,91,3,1,3.92,90.54,1,1,0,1,2,7,2,8,1,13,8.3,41.6,45.8
20180928,komatsushima,6,,,23,5,6,ï∫ìÆ èGé°,34,39,97,2,3,3.92,76.22,0,0,0,0,1,0,1,0,0,17,5.5,5.5,5.5
20180928,komatsushima,6,7,,17,5,7,àÍÉmê£ ãMè´,27,32,98,2,1,3.92,85.86,2,9,2,1,4,0,1,6,4,19,3.3,23.3,36.6
20180928,komatsushima,6,,,23,6,8,ì°å¥ ã`ç_,36,45,76,2,3,3.93,78.44,0,0,0,0,0,0,0,0,3,16,0.0,0.0,15.7
20180928,komatsushima,6,4,,22,6,9,ïU óTàÍòY,40,49,67,2,3,3.93,80.65,0,0,0,0,4,0,3,1,3,25,9.3,12.5,21.8
20180928,komatsushima,7,9,,10,1,1,Íéì° åíêl,22,31,92,3,2,3.92,88.07,4,16,7,6,0,0,9,4,1,13,33.3,48.1,51.8
20180928,komatsushima,7,5,,20,2,2,ñ˜ å™é°,26,40,83,2,3,3.85,83.75,0,0,0,0,0,2,0,2,6,13,0.0,9.5,38.0
20180928,komatsushima,7,4,,21,3,3,å¥ åhéü,41,51,60,2,3,3.93,82.95,0,0,0,0,1,2,0,3,0,18,0.0,14.2,14.2
20180928,komatsushima,7,6,,23,4,4,òaìc êΩéı,34,27,103,2,1,3.85,80.06,5,0,0,1,5,1,6,1,3,19,20.6,24.1,34.4
20180928,komatsushima,7,,,22,4,5,ëÂåE ãPîV,43,47,72,2,3,3.92,81.15,1,1,0,0,1,1,0,2,1,23,0.0,7.6,11.5
20180928,komatsushima,7,,,26,5,6,ì°å¥ ïxóY,33,47,70,2,3,3.92,74.36,0,0,0,0,0,0,0,0,0,30,0.0,0.0,0.0
20180928,komatsushima,7,8,,22,5,7,åjîn è´êl,7,36,89,2,1,3.86,81.40,3,1,0,2,4,0,4,2,0,24,13.3,20.0,20.0
20180928,komatsushima,7,,,22,6,8,âzêÏ àÍéı,11,43,78,2,3,3.86,77.55,1,0,0,0,1,0,1,0,2,26,3.4,3.4,10.3
20180928,komatsushima,7,7,,14,6,9,ç‚ñ{ ãßóm,27,35,91,3,1,3.92,87.71,0,2,0,3,6,1,6,4,3,16,20.6,34.4,44.8
20180928,komatsushima,8,9,,10,1,1,â°ä÷ óTé˜,21,30,99,3,2,3.92,96.09,0,6,4,7,1,0,3,9,2,9,13.0,52.1,60.8
20180928,komatsushima,8,5,,14,2,2,ìnÁ≤ èGñæ,14,46,68,3,3,3.92,92.21,2,0,0,0,8,0,4,4,4,12,16.6,33.3,50.0
20180928,komatsushima,8,7,,8,3,3,ñÂòe óÉ,5,25,111,2,2,3.92,90.44,1,15,7,5,0,0,10,2,5,10,37.0,44.4,62.9
20180928,komatsushima,8,4,,11,4,4,íÜîˆ „ƒ,33,27,107,2,2,3.85,87.87,0,12,5,5,0,0,5,5,3,11,20.8,41.6,54.1
20180928,komatsushima,8,6,,15,4,5,âÕë∫ èÕåõ,26,41,83,3,3,3.93,91.74,6,0,0,0,4,2,0,6,7,14,0.0,22.2,48.1
20180928,komatsushima,8,,,19,5,6,ìÏ òaïv,40,42,82,2,3,3.92,85.53,1,0,0,0,4,1,3,2,4,17,11.5,19.2,34.6
20180928,komatsushima,8,8,,13,5,7,íÜ‡V âõé°,27,51,59,3,3,3.93,92.80,1,0,0,0,2,2,1,3,5,6,6.6,26.6,60.0
20180928,komatsushima,8,,,17,6,8,ëÂéR ë◊êL,37,46,68,3,3,3.85,87.75,0,0,0,0,2,3,0,5,5,14,0.0,20.8,41.6
20180928,komatsushima,8,,,16,6,9,ñx ê≠î¸,8,49,65,3,3,3.86,89.00,0,0,0,0,5,1,2,4,2,16,8.3,25.0,33.3
20180928,komatsushima,9,8,,17,1,1,ç≤ì° èÉâ√,2,35,94,3,3,3.85,88.70,1,0,0,0,3,4,3,4,6,14,11.1,25.9,48.1
20180928,komatsushima,9,6,,14,2,2,ã{éi é¸òY,23,42,82,3,1,3.92,92.40,1,0,0,0,1,2,0,3,8,12,0.0,13.0,47.8
20180928,komatsushima,9,7,,14,3,3,à…ì° óÉ,14,32,94,3,1,3.92,86.73,1,10,4,6,0,0,10,0,4,16,33.3,33.3,46.6
20180928,komatsushima,9,,,18,4,4,ñkë∫ ìƒ,21,31,94,2,3,3.86,86.13,4,1,0,3,1,1,3,2,2,9,18.7,31.2,43.7
20180928,komatsushima,9,9,,4,4,5,ì˙ìñ ë◊îV,2,30,92,3,2,3.92,96.44,3,16,8,8,0,0,11,5,2,10,39.2,57.1,64.2
20180928,komatsushima,9,,,20,5,6,üNà‰ çGíq,34,48,72,2,3,3.92,84.55,0,0,0,0,1,0,0,1,0,20,0.0,4.7,4.7
20180928,komatsushima,9,4,,15,5,7,ïxâi âvê∂,23,47,66,3,3,3.92,91.73,0,0,0,0,4,4,2,6,3,16,7.4,29.6,40.7
20180928,komatsushima,9,,,19,6,8,î™êq „ƒïΩ,40,31,93,2,3,3.86,86.07,1,0,0,0,2,2,1,3,7,15,3.8,15.3,42.3
20180928,komatsushima,9,5,,13,6,9,óÈñÿ ó«ëæ,22,41,86,3,3,3.93,92.11,1,0,0,0,6,3,3,6,2,16,11.1,33.3,40.7
20180928,komatsushima,10,9,,5,1,1,ç°ñÏ ëÂï„,38,25,111,3,2,3.92,94.57,1,10,5,9,0,0,14,0,2,5,66.6,66.6,76.1
20180928,komatsushima,10,6,,17,2,2,êÏìá èü,42,36,89,3,3,3.92,86.39,2,0,0,0,3,2,3,2,3,15,13.0,21.7,34.7
20180928,komatsushima,10,7,,14,3,3,ìyâÆ êm,8,43,84,3,3,3.92,91.88,4,0,0,0,3,1,1,3,2,28,2.9,11.7,17.6
20180928,komatsushima,10,,,18,4,4,ï–éR çOèÈ,27,43,75,2,3,3.92,86.22,0,1,0,0,3,3,2,4,6,15,7.4,22.2,44.4
20180928,komatsushima,10,8,,14,4,5,ëùìc ìSíj,36,44,74,3,3,3.85,94.20,0,0,0,0,3,2,1,4,3,16,4.1,20.8,33.3
20180928,komatsushima,10,,,21,5,6,ó— ómìÒ,21,42,82,2,3,3.92,82.32,0,0,0,0,0,2,0,2,7,22,0.0,6.4,29.0
20180928,komatsushima,10,4,,15,5,7,àÓãg óIëÂ,40,31,92,3,1,3.92,89.88,1,1,1,1,2,0,3,1,4,19,11.1,14.8,29.6
20180928,komatsushima,10,,,18,6,8,ñ{în óÀ,7,29,99,2,2,3.86,82.76,1,9,1,1,1,0,2,1,4,23,6.6,10.0,23.3
20180928,komatsushima,10,5,,13,6,9,çÇî‰ó« çã,40,38,84,3,1,3.92,90.56,2,2,1,7,3,0,9,2,7,12,30.0,36.6,60.0
